,ticker,name,Q4/2016,Q1/2017,Q2/2017,Q3/2017,Q4/2017,Q1/2018,Q2/2018,Q3/2018,Q4/2018,Q1/2019,Q2/2019,Q3/2019,Q4/2019,Q1/2020,Q2/2020,Q3/2020,Q4/2020,Q1/2021,Q2/2021,Q3/2021,Q4/2021,Q1/2022,Q2/2022,Q3/2022,Q4/2022,Q1/2023
0,VCB,estimate_price_low,38790,39834,33590,34846,33664,35047,39058,47818,50766,52291,63150,61272,67390,74380,66837,68915,69847,69769,79803,90123,83531,83949,84805,80509,79719,76360
1,VCB,estimate_price_high,58185,59750,50385,52269,50496,52570,58586,71727,76149,78436,94725,91908,101085,111570,100255,103373,104770,104654,119705,135184,125296,125923,127206,120763,119579,114539
2,VIC,estimate_price_low,65866,38566,27641,36210,38960,50904,177770,97118,85611,83906,73855,100790,140055,98500,228029,86666,107904,94573,52488,108764,78610,61017,32642,65312,59888,56357
3,VIC,estimate_price_high,98800,57849,41462,54316,58439,76355,266656,145677,128417,125860,110782,151185,210082,147750,342044,129999,161856,141860,78732,163146,117914,91526,48963,97967,89832,84536
4,VHM,estimate_price_low,0,0,0,0,0,0,88400,100131,95219,93598,77845,61746,99808,87396,113618,100355,62287,73743,97741,80851,127076,117507,85222,70856,42327,60134
5,VHM,estimate_price_high,0,0,0,0,0,0,132600,150196,142829,140397,116767,92618,149713,131094,170427,150532,93429,110615,146613,121277,190614,176260,127834,106285,63489,90202
6,GAS,estimate_price_low,35736,34610,68462,55678,52450,58257,66774,74741,90906,93151,77013,84897,81006,82222,80784,68449,53884,53222,49888,60731,74404,81119,87567,109489,135192,103456
7,GAS,estimate_price_high,53604,51915,102693,83517,78674,87385,100161,112111,136359,139726,115519,127345,121510,123332,121175,102672,80825,79834,74831,91096,111606,121679,131350,164234,202788,155183
8,HPG,estimate_price_low,38868,40509,52505,45736,34769,39310,41765,43666,43173,35899,30402,26810,25010,19783,20644,21772,23995,31870,40397,57492,75180,67653,55267,44611,27481,13937
9,HPG,estimate_price_high,58302,60764,78757,68604,52153,58964,62648,65499,64760,53848,45603,40214,37515,29674,30965,32658,35993,47804,60596,86238,112771,101480,82901,66917,41221,20906
10,VPB,estimate_price_low,0,0,0,30891,37066,38497,45077,44132,38366,25328,22781,18198,20070,19758,19287,20808,20951,20984,23246,32535,43070,47589,36179,50368,31083,32751
11,VPB,estimate_price_high,0,0,0,46338,55599,57745,67616,66197,57549,37992,34172,27297,30104,29637,28930,31213,31427,31475,34868,48802,64605,71384,54269,75552,46625,49127
12,NVL,estimate_price_low,48000,62276,36887,53485,31510,73214,82035,57737,61180,62352,124496,63461,56254,44704,58148,51048,62639,97717,49448,79142,85477,55157,80867,83100,61813,51771
13,NVL,estimate_price_high,72000,93413,55329,80228,47265,109821,123052,86606,91770,93527,186745,95192,84380,67056,87222,76571,93959,146575,74172,118712,128215,82736,121301,124651,92719,77658
14,VNM,estimate_price_low,119312,124037,117239,129862,119451,124531,126059,136119,131733,123445,126604,116759,110708,107091,103718,96903,96370,96905,92254,86031,75083,74372,71311,65705,55966,53152
15,VNM,estimate_price_high,178968,186056,175858,194793,179177,186796,189089,204179,197599,185167,189907,175138,166062,160636,155578,145355,144554,145359,138381,129046,112625,111558,106966,98558,83949,79728
16,TCB,estimate_price_low,0,0,0,0,0,0,89197,80148,24848,22581,21950,22296,21318,21407,21473,20285,19301,20147,22649,34779,39902,43494,44153,45486,37819,37943
17,TCB,estimate_price_high,0,0,0,0,0,0,133795,120221,37272,33872,32926,33444,31977,32110,32210,30428,28952,30221,33974,52168,59853,65241,66229,68229,56729,56915
18,BID,estimate_price_low,16150,13930,13596,14254,14263,15049,20819,21989,28481,25602,24058,26320,27451,36520,42048,36921,34869,33879,30487,39890,42915,37028,37392,37903,38136,42638
19,BID,estimate_price_high,24225,20894,20395,21381,21394,22574,31230,32982,42722,38404,36088,39480,41176,54780,63072,55381,52304,50819,45730,59836,64372,55543,56088,56855,57203,63957
20,MSN,estimate_price_low,77110,89472,56113,45688,32377,37702,84960,86584,151629,82885,72853,71050,55958,115330,76647,38980,30067,23447,27956,77805,131600,144438,1249682,163586,130203,99285
21,MSN,estimate_price_high,115664,134208,84170,68532,48565,56554,127441,129876,227444,124329,109280,106574,83937,172995,114970,58470,45101,35170,41934,116708,197400,216657,1874523,245379,195304,148928
22,CTG,estimate_price_low,14259,15466,14457,14731,15721,16179,17192,20056,20602,19699,14972,18051,17848,20720,30500,20203,23830,20944,32178,38446,31035,27484,24116,24386,28322,26352
23,CTG,estimate_price_high,21388,23199,21686,22097,23581,24270,25788,30084,30903,29548,22459,27076,26771,31080,45750,30304,35745,31415,48267,57669,46552,41226,36174,36579,42484,39528
24,GVR,estimate_price_low,0,0,0,0,0,0,0,6560,7762,7691,8270,8318,8785,11417,9674,9781,8517,10196,20808,23586,25958,26893,20447,27585,23735,18968
25,GVR,estimate_price_high,0,0,0,0,0,0,0,9840,11643,11536,12405,12477,13178,17126,14511,14671,12775,15294,31213,35380,38937,40340,30670,41377,35603,28452
26,MBB,estimate_price_low,12415,12997,13105,13543,15281,19818,17816,23980,23657,23175,24593,20493,20682,20345,21387,19039,17217,17018,18466,26220,24753,26241,28341,28986,29013,27538
27,MBB,estimate_price_high,18624,19496,19657,20315,22921,29728,26725,35971,35487,34763,36889,30739,31024,30517,32080,28558,25825,25528,27699,39330,37130,39362,42512,43479,43519,41306
28,VGI,estimate_price_low,0,0,0,0,0,0,0,16800,25133,13472,14996,18981,21652,13190,13460,33069,14242,40401,9536,23113,26088,25297,27219,27620,11369,26673
29,VGI,estimate_price_high,0,0,0,0,0,0,0,25200,37699,20209,22494,28472,32478,19785,20191,49603,21362,60602,14304,34670,39132,37945,40828,41431,17054,40010
30,MWG,estimate_price_low,110743,126379,133433,147604,149770,123551,131865,133738,120441,112388,107664,96430,104760,99877,102389,96592,78384,84608,97699,117619,124747,113243,138769,121536,116174,76131
31,MWG,estimate_price_high,166115,189568,200150,221407,224655,185327,197797,200608,180662,168581,161496,144645,157140,149816,153584,144888,117577,126912,146549,176429,187120,169864,208153,182304,174261,114197
32,SAB,estimate_price_low,114964,156856,189311,176476,186735,184319,217698,204145,191766,173574,166596,206234,224090,248624,211624,152746,152665,155239,180578,167416,136451,100321,119447,140322,179152,192622
33,SAB,estimate_price_high,172446,235283,283967,264714,280102,276478,326548,306217,287650,260361,249894,309351,336136,372937,317436,229120,228998,232859,270868,251124,204677,150482,179171,210483,268728,288934
34,FPT,estimate_price_low,40188,38435,38164,39192,39018,43483,68319,51823,49898,40860,30668,39312,43085,49715,43570,46074,42169,42000,49096,59401,67327,75377,86601,90696,86442,82419
35,FPT,estimate_price_high,60282,57653,57246,58787,58527,65224,102478,77734,74847,61290,46002,58968,64627,74572,65356,69111,63253,63000,73644,89102,100990,113066,129901,136044,129663,123629
36,BCM,estimate_price_low,0,0,0,0,0,20000,19285,20355,23772,17461,35292,21381,24683,22610,23218,19076,17901,24958,29461,39907,43448,30736,27751,46501,90026,78782
37,BCM,estimate_price_high,0,0,0,0,0,30000,28927,30532,35658,26192,52937,32072,37025,33914,34828,28614,26851,37436,44191,59861,65172,46104,41627,69752,135039,118174
38,ACB,estimate_price_low,16428,16365,18643,20653,22355,25149,30477,40991,44472,40649,36658,30832,28088,24695,24174,22094,21047,23360,27093,30022,31874,29476,28702,31779,32031,28202
39,ACB,estimate_price_high,24641,24548,27964,30980,33533,37724,45715,61486,66708,60972,54987,46247,42133,37044,36262,33141,31571,35039,40639,45033,47811,44214,43054,47668,48047,42302
40,VRE,estimate_price_low,0,0,0,0,32440,74397,41256,86894,60032,40564,32041,28566,28140,29838,30448,24484,20444,21016,24996,28734,25842,18607,13745,15453,31617,50125
41,VRE,estimate_price_high,0,0,0,0,48660,111594,61884,130341,90048,60846,48062,42849,42210,44757,45672,36727,30667,31524,37495,43100,38764,27911,20618,23180,47426,75187
42,VJC,estimate_price_low,0,86400,157044,186242,122371,148841,281780,195425,131453,162349,124204,122409,100179,109062,77188,46104,90357,37169,97061,282181,43411,316800,41392,155909,53750,63965
43,VJC,estimate_price_high,0,129600,235566,279363,183557,223262,422669,293136,197178,243522,186306,183613,150269,163594,115782,69156,135536,55754,145592,423271,65116,475200,62088,233863,80625,95947
44,BSR,estimate_price_low,0,0,0,0,0,25040,0,18672,15639,14898,7230,11838,4615,4011,112369,2350,5821,5950,6614,9913,11019,6873,15368,21028,86756,23738
45,BSR,estimate_price_high,0,0,0,0,0,37560,0,28009,23458,22347,10844,17757,6923,6016,168554,3525,8731,8926,9921,14869,16529,10310,23053,31542,130134,35607
46,VIB,estimate_price_low,15201,13826,14659,16241,18231,20412,14926,28123,30586,30629,44312,22713,22882,19550,17082,17141,18130,21213,28832,34838,36923,36385,41295,39865,31710,31871
47,VIB,estimate_price_high,22800,20739,21989,24362,27347,30618,22389,42185,45878,45944,66467,34069,34323,29325,25623,25710,27195,31819,43248,52257,55385,54577,61942,59798,47565,47807
48,PLX,estimate_price_low,0,32489,42679,50810,46345,46878,39317,45589,59618,53331,49249,52502,49685,54353,48408,17243,31844,29719,41036,351396,59840,39938,36570,32360,16365,25363
49,PLX,estimate_price_high,0,48733,64018,76215,69518,70317,58976,68383,89426,79996,73874,78752,74528,81530,72611,25864,47765,44579,61554,527095,89760,59906,54854,48540,24548,38045
50,TPB,estimate_price_low,0,0,0,0,0,24662,29309,30306,27153,24916,25799,21092,21729,21132,26092,20439,21277,21113,21727,27122,33445,35676,36737,35909,32650,31128
51,TPB,estimate_price_high,0,0,0,0,0,36992,43962,45459,40729,37374,38699,31637,32593,31698,39138,30658,31915,31669,32590,40683,50168,53513,55105,53864,48974,46692
52,STB,estimate_price_low,6333,5553,8599,6839,10265,10708,21978,13920,11909,9508,14224,13511,10411,12393,8757,8961,8867,9526,12414,13938,23144,21472,24956,25623,20577,23381
53,STB,estimate_price_high,9499,8329,12899,10258,15397,16061,32968,20879,17863,14263,21337,20267,15616,18589,13135,13442,13300,14289,18622,20907,34716,32207,37434,38433,30866,35072
54,HDB,estimate_price_low,0,0,0,0,32305,64772,41967,42907,32054,27391,32604,27712,25926,27167,26792,25143,26106,23622,23341,27375,26564,28996,27311,26670,25283,25030
55,HDB,estimate_price_high,0,0,0,0,48458,97157,62951,64361,48080,41086,48906,41568,38889,40750,40188,37714,39159,35433,35011,41063,39846,43494,40967,40005,37924,37546
56,HVN,estimate_price_low,27692,36490,19714,16834,14276,35613,37909,39793,33031,18738,38786,32796,29972,45255,21230,9784,9572,10332,2691,-8371,4379,4761,-22666,-47189,1713,15820
57,HVN,estimate_price_high,41538,54735,29571,25251,21414,53420,56863,59689,49546,28107,58180,49194,44958,67883,31846,14676,14358,15498,4037,-12556,6568,7142,-33999,-70783,2569,23730
58,BVH,estimate_price_low,47208,52016,51535,49662,58412,47391,53230,61840,55273,64425,66296,68712,64154,92045,66555,46736,57277,48501,64100,58545,48665,45496,47667,47263,44633,41003
59,BVH,estimate_price_high,70811,78023,77303,74493,87618,71085,79845,92761,82909,96637,99444,103068,96231,138067,99832,70104,85915,72752,96150,87818,72997,68244,71500,70895,66949,61504
60,SHB,estimate_price_low,5207,5240,5240,5129,7121,7754,8322,8258,7776,6659,6744,7225,7458,6906,6730,7334,10553,12583,13273,18377,22520,28730,26482,25602,18463,17921
61,SHB,estimate_price_high,7811,7861,7860,7692,10681,11630,12483,12387,11665,9989,10116,10837,11186,10359,10095,11002,15830,18874,19910,27565,33779,43095,39723,38403,27694,26882
62,THD,estimate_price_low,0,0,0,0,0,0,0,0,0,0,0,0,0,0,15600,48902,70835,237003,7422375,447636,190040,172296,132700,107336,94991,66645
63,THD,estimate_price_high,0,0,0,0,0,0,0,0,0,0,0,0,0,0,23400,73353,106252,355504,11133563,671453,285059,258444,199050,161005,142486,99968
64,DGC,estimate_price_low,38312,33119,31800,27750,28538,22075,32892,22782,45845,92863,89013,54548,43271,25517,20007,25729,32236,40807,40588,50496,63217,110192,299217,325018,316712,150307
65,DGC,estimate_price_high,57469,49678,47700,41624,42807,33113,49338,34172,68767,139294,133520,81821,64906,38276,30011,38593,48354,61211,60882,75744,94825,165289,448826,487527,475067,225461
66,EIB,estimate_price_low,8497,8494,8764,6443,7753,8198,15641,16270,13573,12780,8181,11077,14223,17407,20414,15093,11700,16046,18330,14872,21407,18758,23655,34516,39995,41055
67,EIB,estimate_price_high,12745,12742,13146,9666,11629,12298,23462,24405,20359,19168,12271,16615,21335,26111,30621,22639,17550,24068,27496,22309,32111,28137,35483,51775,59993,61582
68,MSB,estimate_price_low,0,0,0,0,0,0,0,0,0,0,0,0,0,0,0,0,13584,16955,20286,25464,30866,24038,22716,22753,18934,19133
69,MSB,estimate_price_high,0,0,0,0,0,0,0,0,0,0,0,0,0,0,0,0,20376,25432,30429,38195,46299,36057,34074,34130,28401,28700
70,SSI,estimate_price_low,18104,21741,17953,23942,20658,19011,26828,26220,26616,26426,21885,19917,19387,17396,17327,13326,18710,15340,21042,32594,32043,44609,51972,42106,35570,28443
71,SSI,estimate_price_high,27156,32611,26929,35913,30987,28518,40242,39329,39924,39639,32828,29875,29080,26094,25990,19989,28065,23010,31562,48892,48064,66914,77959,63159,53355,42663
72,OCB,estimate_price_low,0,0,0,0,0,0,0,0,0,0,0,0,0,0,0,0,15070,14683,20912,21745,23528,23397,21988,20214,16855,16331
73,OCB,estimate_price_high,0,0,0,0,0,0,0,0,0,0,0,0,0,0,0,0,22605,22025,31368,32618,35292,35095,32981,30321,25282,24497
74,DIG,estimate_price_low,2709,6881,15204,4786,12002,9972,16906,19922,28232,17396,45537,15764,13595,13578,21973,12424,12847,12263,27994,22531,25874,27989,68493,49821,44939,28691
75,DIG,estimate_price_high,4063,10322,22805,7178,18004,14957,25359,29883,42349,26095,68306,23646,20392,20368,32959,18637,19271,18395,41992,33797,38810,41984,102740,74731,67408,43037
76,KDH,estimate_price_low,26566,21634,20953,21605,22513,30564,29834,26393,25869,28298,52944,28206,26947,28538,23348,22565,23645,23039,21954,26453,30160,31029,38244,42178,37418,33460
77,KDH,estimate_price_high,39850,32450,31428,32407,33771,45847,44750,39590,38804,42447,79417,42309,40420,42806,35022,33848,35468,34559,32931,39680,45240,46544,57367,63267,56127,50190
78,POW,estimate_price_low,0,0,0,0,0,14240,11110,10740,9997,7126,9135,13883,15224,16621,10912,7731,8967,5892,13388,9679,10736,11807,6448,11821,7959,7645
79,POW,estimate_price_high,0,0,0,0,0,21360,16664,16109,14996,10689,13702,20824,22836,24931,16367,11596,13452,8838,20083,14518,16104,17711,9672,17731,11939,11467
80,PDR,estimate_price_low,12137,10058,24708,17054,25387,32799,32021,42069,27578,24987,30509,23786,22706,25375,31425,23374,25828,37338,42078,53346,64943,79195,90698,76125,65016,58546
81,PDR,estimate_price_high,18205,15087,37063,25581,38081,49198,48030,63102,41367,37480,45764,35680,34058,38063,47137,35060,38742,56007,63117,80018,97414,118793,136047,114188,97524,87820
82,DPM,estimate_price_low,19712,18210,16609,15803,14853,16227,16334,15337,14951,15945,16968,11894,8956,8158,14261,13798,26451,17056,11923,15995,35740,48404,125636,117610,65260,51770
83,DPM,estimate_price_high,29568,27316,24913,23703,22280,24340,24501,23005,22427,23918,25452,17841,13434,12237,21391,20698,39677,25584,17884,23992,53610,72606,188453,176414,97891,77656
84,REE,estimate_price_low,15677,19885,34171,32535,32584,30896,23585,29843,35473,23644,33402,26864,26757,38629,27720,26634,25014,27834,41391,49618,48510,46999,59623,72524,75345,85818
85,REE,estimate_price_high,23516,29827,51257,48803,48877,46344,35379,44764,53210,35466,50103,40295,40135,57944,41580,39951,37522,41750,62085,74428,72765,70499,89434,108786,113018,128726
86,KBC,estimate_price_low,19872,13978,9265,13886,10975,12724,11412,12110,7480,12831,17922,10953,18892,10590,14981,11052,6760,7514,6138,79048,28749,32304,34897,32304,18128,621571
87,KBC,estimate_price_high,29808,20967,13898,20830,16463,19086,17119,18165,11219,19246,26884,16429,28337,15885,22472,16578,10140,11271,9208,118574,43124,48456,52346,48456,27192,932356
88,PNJ,estimate_price_low,102535,79750,84054,88011,93491,100664,139422,149061,140785,103197,102662,97582,82620,78625,88044,68166,49441,54334,66997,81353,91105,56047,91167,113758,119769,143371
89,PNJ,estimate_price_high,153802,119625,126081,132016,140236,150996,209133,223592,211177,154797,153994,146374,123929,117938,132066,102250,74161,81502,100496,122030,136658,84071,136750,170637,179654,215057
90,GEX,estimate_price_low,25402,24383,28734,40497,20507,20912,27713,27918,24408,33143,24366,16465,21839,15094,15055,12032,19253,16903,22892,30904,30026,30277,26519,27186,15458,11902
91,GEX,estimate_price_high,38104,36575,43100,60745,30761,31367,41569,41878,36611,49714,36548,24698,32759,22640,22582,18049,28879,25356,34338,46355,45038,45415,39778,40778,23187,17853
92,DXG,estimate_price_low,13042,13060,40499,22177,16323,27556,18027,31346,24379,27132,26309,22250,21728,18604,13317,8503,4210,4006,11705,21162,20955,9100,25548,15800,18590,20961
93,DXG,estimate_price_high,19564,19590,60748,33265,24485,41334,27040,47019,36569,40699,39462,33374,32591,27906,19975,12755,6316,6009,17557,31744,31432,13650,38321,23700,27886,31442
94,VGC,estimate_price_low,12685,15347,15100,19613,18082,19081,17736,15976,19408,14234,15874,17449,15169,16795,16098,15557,13839,17584,16722,26488,34143,32274,52071,62189,60864,44084
95,VGC,estimate_price_high,19028,23020,22651,29418,27124,28622,26604,23964,29111,21351,23810,26175,22754,25192,24147,23336,20757,26376,25082,39732,51215,48411,78107,93284,91296,66126
96,DCM,estimate_price_low,10373,8921,8565,13311,11373,11346,7551,8986,6834,11518,9410,7168,6132,4440,6170,4351,10300,9563,12510,12297,14167,27669,68735,91100,47791,36453
97,DCM,estimate_price_high,15559,13382,12847,19967,17059,17018,11325,13480,10251,17277,14115,10753,9199,6660,9255,6527,15449,14344,18765,18445,21251,41503,103102,136650,71686,54679
98,LPB,estimate_price_low,0,0,0,11360,11068,11906,12121,11302,9338,7780,7829,8072,10872,8109,7920,6819,6453,8171,10390,14042,17743,17542,19753,22645,19762,18170
99,LPB,estimate_price_high,0,0,0,17040,16602,17859,18181,16953,14007,11669,11742,12108,16308,12162,11880,10228,9680,12257,15585,21064,26614,26313,29630,33967,29642,27256
100,VHC,estimate_price_low,58409,47963,47706,42187,36604,47279,55798,50955,81469,130648,111988,100513,83085,57235,50391,34882,29962,28369,30158,31856,36495,43963,78378,102751,122687,81914
101,VHC,estimate_price_high,87613,71943,71558,63281,54906,70919,83698,76432,122204,195972,167981,150770,124627,85852,75588,52323,44943,42553,45237,47784,54742,65945,117568,154127,184030,122872
102,NLG,estimate_price_low,28954,22312,27151,20677,48046,25942,27366,25471,22239,68334,28392,32196,22066,16120,41138,20090,20414,17219,31205,42574,38724,54155,31770,25992,35555,21213
103,NLG,estimate_price_high,43432,33469,40726,31015,72068,38912,41050,38207,33359,102501,42588,48293,33099,24180,61707,30134,30622,25830,46807,63861,58086,81233,47656,38987,53333,31819
104,IDC,estimate_price_low,0,0,0,0,0,19200,0,17695,18524,16796,16676,15941,13174,22273,18609,15486,13689,12328,19849,26011,64513,46639,40021,80210,341267,90364
105,IDC,estimate_price_high,0,0,0,0,0,28800,0,26542,27786,25194,25015,23912,19761,33411,27914,23229,20533,18492,29774,39017,96769,69958,60032,120314,511900,135546
106,GMD,estimate_price_low,26318,21651,23909,30273,29916,35437,43658,314792,43070,39674,26048,10466,18219,19820,16679,16872,13388,13804,17444,27384,31528,38446,56961,58201,61142,52865
107,GMD,estimate_price_high,39477,32478,35864,45410,44874,53156,65486,472188,64605,59511,39071,15699,27327,29731,25018,25308,20082,20707,26165,41076,47293,57669,85441,87301,91712,79297
108,VCS,estimate_price_low,92329,107135,123860,134308,213707,200536,203508,197085,109704,103753,77917,67478,70837,71676,69087,59723,50207,59671,70047,78371,96501,96725,96280,88041,72354,50784
109,VCS,estimate_price_high,138494,160702,185789,201462,320560,300803,305262,295628,164556,155630,116874,101218,106254,107514,103630,89584,75311,89507,105070,117557,144751,145088,144420,132061,108530,76175
110,QNS,estimate_price_low,85093,84784,119459,91288,73528,53392,41348,44174,44372,41475,42505,34645,30497,30204,28674,23037,22314,24120,24052,30532,33745,42090,37928,38504,36944,21247
111,QNS,estimate_price_high,127640,127176,179188,136932,110292,80087,62022,66261,66558,62212,63758,51968,45746,45307,43012,34556,33470,36180,36078,45798,50618,63135,56892,57755,55415,31872
112,NVB,estimate_price_low,4845,3715,3713,3946,3906,5893,10647,7155,8063,6623,10241,8592,9238,7798,7358,7185,7142,7038,4388,36606,185816,30652,12453,14238,91424620,30392
113,NVB,estimate_price_high,7268,5572,5569,5919,5858,8840,15970,10732,12095,9934,15361,12888,13858,11697,11037,10778,10713,10557,6583,54909,278724,45979,18680,21357,137136930,45588
114,KDC,estimate_price_low,9052,55166,20665,32585,37753,16340,18179,26459,12181,28463,23622,20342,14428,12930,7988,13806,14394,69478,44602,63245,108622,51350,64362,47432,43920,38079
115,KDC,estimate_price_high,13577,82749,30998,48876,56630,24509,27268,39688,18272,42694,35433,30512,21642,19395,11982,20708,21591,104218,66903,94866,162933,77025,96543,71148,65880,57119
116,OIL,estimate_price_low,0,0,0,0,0,0,0,0,11360,11370,7774,11246,7443,6991,7701,4429,6801,6778,7069,9135,4269,6951,10406,15291,16833,2353
117,OIL,estimate_price_high,0,0,0,0,0,0,0,0,17040,17055,11661,16869,11165,10487,11551,6644,10201,10167,10604,13703,6404,10426,15608,22937,25249,3529
118,VCI,estimate_price_low,0,0,46080,49748,79739,96589,90669,97013,81071,55651,46945,31598,30379,29538,28876,21884,24442,23166,42591,52126,65590,64630,64047,57983,38454,29639
119,VCI,estimate_price_high,0,0,69120,74622,119609,144884,136003,145519,121606,83478,70417,47396,45568,44307,43314,32827,36662,34748,63887,78189,98386,96946,96071,86975,57681,44458
120,HSG,estimate_price_low,50608,54567,50189,41201,34378,22935,22916,13517,10032,6030,3758,4060,9650,20174,10087,9872,10688,19451,24595,46691,61943,44038,35175,22696,12151,6460
121,HSG,estimate_price_high,75911,81850,75284,61802,51567,34402,34375,20276,15047,9046,5638,6089,14475,30261,15131,14809,16032,29177,36892,70037,92914,66058,52763,34043,18226,9690
122,VND,estimate_price_low,11261,10341,10311,24499,15822,20403,21490,19194,20249,16927,14777,12918,11542,12917,17202,11870,15228,16837,20617,40022,54229,69484,78223,82290,41503,29841
123,VND,estimate_price_high,16892,15511,15466,36748,23733,30604,32235,28792,30374,25391,22166,19377,17313,19375,25803,17805,22841,25255,30924,60032,81344,104226,117336,123435,62255,44762
124,VPI,estimate_price_low,0,0,0,0,28640,30684,30513,32606,22707,59930,86713,36783,34769,25800,60372,34161,37283,36717,17570,28701,28999,35307,41938,54358,88935,53779
125,VPI,estimate_price_high,0,0,0,0,42960,46025,45770,48908,34060,89894,130070,55174,52154,38700,90558,51242,55924,55076,26354,43051,43499,52961,62907,81536,133403,80669
126,VCG,estimate_price_low,9801,14299,14939,14749,15615,20018,77233,20158,17693,14062,7356,19021,24007,23740,20600,19544,28857,85824,39179,47922,24879,15525,25004,75048,26534,26018
127,VCG,estimate_price_high,14702,21448,22409,22123,23422,30028,115850,30237,26541,21093,11033,28532,36010,35610,30899,29315,43286,128736,58768,71883,37320,23287,37506,112572,39800,39027
128,FRT,estimate_price_low,0,0,0,0,0,120000,134162,76330,59063,72845,64081,56494,52220,41708,20876,19967,9295,7115,19898,10705,104996,56851,610050,128310,98555,80866
129,FRT,estimate_price_high,0,0,0,0,0,180000,201243,114495,88595,109267,96121,84741,78331,62562,31315,29950,13943,10673,29847,16058,157495,85277,915075,192465,147832,121299
130,DGW,estimate_price_low,16980,16623,14143,11515,16186,15829,20672,21059,20991,22924,23045,22082,22867,24239,25370,27054,27819,41305,55969,95809,117209,123031,225219,154173,128556,88898
131,DGW,estimate_price_high,25470,24935,21215,17273,24279,23743,31007,31588,31486,34387,34568,33123,34300,36359,38055,40581,41729,61958,83954,143714,175813,184546,337829,231260,192833,133347
132,ITA,estimate_price_low,2364,1694,4401,3058,3197,2669,2216,1232,5373,9290,2506,2961,5848,2718,1404,2316,1094,6016,8701,7181,4195,4778,16484,8236,15728,4643
133,ITA,estimate_price_high,3546,2541,6602,4587,4797,4004,3324,1848,8060,13935,3759,4442,8772,4077,2106,3474,1641,9025,13053,10771,6293,7168,24726,12354,23592,6964
134,HCM,estimate_price_low,29162,27321,26205,28498,33344,39201,51911,66744,53100,48891,39408,36605,30648,24820,23808,17514,17883,17257,19850,34338,35952,50968,45385,33272,27311,21461
135,HCM,estimate_price_high,43743,40983,39308,42747,50016,58801,77865,100117,79650,73337,59112,54907,45972,37230,35712,26270,26825,25886,29775,51506,53927,76453,68077,49908,40966,32191
136,SBT,estimate_price_low,24489,25919,20346,25284,32646,34077,34126,24237,21272,13583,9190,19515,10242,15426,17883,7256,48919,13315,20616,19683,17075,22140,21662,20431,17386,0
137,SBT,estimate_price_high,36734,38878,30518,37926,48968,51115,51190,36355,31909,20375,13785,29272,15362,23139,26824,10884,73379,19973,30924,29524,25612,33211,32493,30647,26078,0
138,PVS,estimate_price_low,12530,11741,12940,13328,11987,12874,12313,13978,13698,18085,21872,21369,17383,13404,10208,7949,11657,15502,13430,15981,13515,19871,21257,26277,16359,18351
139,PVS,estimate_price_high,18795,17612,19410,19991,17982,19312,18469,20966,20547,27128,32808,32054,26075,20106,15312,11924,17486,23252,20145,23971,20272,29806,31886,39417,24539,27526
140,HDG,estimate_price_low,18147,17166,62697,25094,22766,16712,42414,32870,44131,52620,88802,65883,51101,42128,22061,23741,32584,22169,26814,35462,22126,50286,76916,52646,73974,45481
141,HDG,estimate_price_high,27219,25749,94046,37641,34150,25068,63621,49305,66197,78930,133203,98825,76652,63194,33093,35612,48876,33253,40222,53194,33189,75430,115374,78970,110960,68221
142,TCH,estimate_price_low,24408,19960,20644,17820,12884,14669,15605,15383,14463,14189,12762,17886,15956,33708,39585,36563,30586,34431,20845,19833,15259,13150,15692,13374,11694,5587
143,TCH,estimate_price_high,36613,29940,30966,26729,19325,22004,23408,23075,21694,21282,19142,26829,23934,50562,59377,54845,45880,51646,31267,29750,22888,19725,23538,20061,17541,8381
144,CEO,estimate_price_low,20693,14572,10021,10599,11007,9686,11397,11278,12224,12474,10087,12678,26333,11666,11798,6154,2686,3790,3378,7093,7432,8701,10209,15461,21532,21181
145,CEO,estimate_price_high,31039,21857,15031,15898,16511,14529,17095,16917,18337,18710,15131,19017,39500,17499,17697,9231,4029,5686,5068,10639,11147,13052,15314,23191,32298,31771
146,VGT,estimate_price_low,13680,9587,14792,15711,14310,9878,9123,10289,13072,10730,8552,9198,7098,7399,8003,8449,4719,5012,7471,8670,42563,20852,29539,21591,19253,8771
147,VGT,estimate_price_high,20520,14381,22188,23567,21465,14817,13685,15434,19608,16095,12827,13797,10648,11098,12005,12673,7079,7518,11206,13004,63845,31278,44308,32386,28879,13156
148,BWE,estimate_price_low,0,0,13720,14295,21328,34043,35479,24944,20841,26246,20877,20591,22400,18360,24653,20551,21928,26231,24563,29178,31956,32688,41387,38836,42576,42751
149,BWE,estimate_price_high,0,0,20580,21444,31992,51065,53219,37415,31262,39368,31315,30887,33601,27541,36979,30826,32891,39345,36844,43766,47934,49032,62081,58254,63865,64126
150,PHR,estimate_price_low,17002,21701,14398,23928,30649,38751,32908,37624,41738,34561,47485,36675,39510,72673,25091,51192,67290,35124,103350,38178,32584,38971,38301,79926,53406,49451
151,PHR,estimate_price_high,25504,32552,21597,35891,45973,58127,49362,56437,62606,51841,71227,55013,59264,109010,37637,76788,100935,52687,155024,57268,48876,58456,57452,119890,80109,74177
152,HAG,estimate_price_low,11999,5527,5175,5878,6852,3977,3167,4033,1869,59449,1912,4446,5981,4184,3451,3276,19557,853,1149,1681,3059,3228,4368,4004,4387,8630
153,HAG,estimate_price_high,17998,8291,7762,8817,10278,5965,4750,6049,2804,89174,2867,6669,8973,6276,5177,4913,29335,1279,1723,2522,4588,4842,6552,6006,6581,12944
154,PC1,estimate_price_low,38358,28898,24183,24114,23597,32940,34349,32037,63793,35801,27350,23441,15427,14203,15123,15736,15092,21524,24210,21772,38343,27613,31382,32243,19263,21673
155,PC1,estimate_price_high,57537,43347,36273,36171,35395,49410,51523,48055,95690,53701,41026,35162,23141,21304,22684,23604,22638,32286,36315,32658,57515,41420,47073,48365,28894,32508
156,SJS,estimate_price_low,37110,17211,12314,16415,7996,37696,198195,36929,19231,13987,9987,9103,14255,13325,26660,15386,18964,18328,8798,31857,31669,46272,35534,46825,43138,34332
157,SJS,estimate_price_high,55666,25818,18471,24622,11993,56544,297292,55394,28846,20981,14980,13655,21382,19987,39990,23080,28446,27492,13198,47785,47503,69408,53302,70237,64708,51499
158,BCG,estimate_price_low,8373,5288,5111,4854,5855,5848,2764,4386,3346,4166,11205,5051,5424,5489,4073,3913,3684,5209,54320,24624,27969,22531,23051,31000,20906,13423
159,BCG,estimate_price_high,12559,7932,7666,7282,8782,8772,4146,6578,5020,6250,16807,7576,8136,8234,6110,5870,5526,7813,81479,36936,41954,33795,34576,46500,31359,20135
160,PVD,estimate_price_low,11891,8605,11648,10895,14336,14434,14085,13649,14553,13109,13135,8358,15486,9763,6005,12202,7401,10529,6157,5831,5667,290057,9976,114784,6927,1440280
161,PVD,estimate_price_high,17836,12907,17472,16343,21503,21651,21127,20474,21830,19663,19703,12536,23229,14645,9008,18303,11102,15794,9235,8747,8500,435086,14964,172175,10390,2160420
162,TVN,estimate_price_low,16045,7710,9861,8562,3780,7144,7964,10695,10656,6496,4065,3251,6767,4155,11382,4600,3643,4591,13291,22516,21184,12799,8103,8053,3242,39307
163,TVN,estimate_price_high,24067,11566,14792,12843,5671,10716,11946,16043,15984,9745,6098,4877,10151,6232,17074,6900,5465,6886,19937,33774,31776,19198,12155,12079,4864,58961
164,HPX,estimate_price_low,0,0,0,0,0,0,0,21720,21727,24249,146579,22702,26186,23493,28208,23992,19376,24372,15588,27268,30217,26948,21687,19989,16335,29328
165,HPX,estimate_price_high,0,0,0,0,0,0,0,32580,32590,36374,219869,34053,39279,35240,42312,35989,29063,36557,23382,40901,45325,40422,32531,29983,24502,43991
166,NAB,estimate_price_low,0,0,0,0,0,0,0,0,0,0,0,0,0,0,0,12217,13037,12925,17093,19268,23385,18288,19739,21650,15184,17220
167,NAB,estimate_price_high,0,0,0,0,0,0,0,0,0,0,0,0,0,0,0,18325,19555,19388,25639,28902,35077,27432,29608,32474,22776,25830
168,NKG,estimate_price_low,62259,49710,40227,40217,30397,40904,42229,31903,19070,9677,4155,4567,5887,5486,5420,6008,2254,10210,20879,52115,117233,64944,51188,41337,18366,8656
169,NKG,estimate_price_high,93388,74566,60340,60325,45596,61355,63343,47856,28605,14516,6232,6850,8830,8229,8129,9012,3381,15316,31317,78173,175849,97416,76781,62006,27549,12983
170,HNG,estimate_price_low,2673,5707,5919,6968,7445,3972,4964,5664,3018,4356,10861,10863,12351,11467,10743,10353,9370,9561,9663,4159,6833,6142,5459,2871,2637,3859
171,HNG,estimate_price_high,4010,8561,8878,10452,11168,5958,7446,8497,4528,6534,16292,16295,18527,17201,16114,15530,14055,14341,14494,6240,10249,9213,8189,4306,3956,5789
172,MBS,estimate_price_low,3012,4258,4309,4411,6011,7708,12436,77275,26324,24344,16087,12543,13378,12746,18899,10704,10935,10883,13406,25243,27929,35822,34816,35753,23445,20930
173,MBS,estimate_price_high,4518,6387,6463,6616,9016,11562,18654,115912,39487,36516,24131,18814,20067,19118,28349,16056,16403,16324,20108,37864,41892,53733,52225,53629,35168,31395
174,HUT,estimate_price_low,11844,18510,10615,12168,10130,8414,7992,5059,5514,4646,2238,2149,1308,1328,11146,2711,1416,962,1933,3056,4164,7753,12231,12894,9734,16413
175,HUT,estimate_price_high,17765,27765,15923,18252,15194,12622,11988,7589,8270,6969,3357,3223,1961,1993,16719,4067,2124,1443,2900,4585,6246,11629,18347,19341,14601,24620
176,QTP,estimate_price_low,0,12720,3593,3582,3638,12305,48011,12788,9485,3230,3169,6062,10196,31506,12430,7366,6496,7793,32121,14719,15564,14274,6360,16306,12511,9628
177,QTP,estimate_price_high,0,19080,5389,5373,5457,18457,72015,19182,14227,4846,4754,9093,15294,47260,18645,11050,9743,11690,48182,22079,23346,21411,9540,24459,18766,14442
178,KOS,estimate_price_low,0,0,0,0,0,15200,16948,18178,55247,36712,37817,27400,17185,21883,14577,20893,18284,18195,40050,28056,28848,27871,20144,21094,42698,30091
179,KOS,estimate_price_high,0,0,0,0,0,22800,25422,27267,82870,55068,56726,41101,25777,32824,21866,31340,27426,27292,60075,42085,43272,41806,30216,31641,64047,45137
180,ABB,estimate_price_low,0,0,0,0,0,0,0,0,0,0,0,0,0,0,0,0,9429,11660,12510,15572,19985,19126,18517,16235,14742,10101
181,ABB,estimate_price_high,0,0,0,0,0,0,0,0,0,0,0,0,0,0,0,0,14144,17490,18765,23358,29978,28689,27776,24353,22113,15152
182,FTS,estimate_price_low,11520,10582,11824,10483,9479,10148,12212,12635,12682,14392,33800,16530,15237,11400,7092,6126,11177,14569,58680,41786,31073,50019,44735,49083,29357,21468
183,FTS,estimate_price_high,17280,15873,17736,15724,14218,15222,18317,18953,19023,21589,50700,24795,22856,17100,10638,9190,16766,21854,88020,62679,46609,75029,67102,73624,44035,32202
184,HT1,estimate_price_low,25705,28430,20528,18243,13119,10583,11801,11112,16465,12239,13481,12599,12071,15290,13154,12253,11775,10543,10970,12327,14328,9760,11038,11306,8345,14669
185,HT1,estimate_price_high,38557,42645,30792,27364,19678,15875,17700,16668,24697,18358,20222,18898,18107,22936,19732,18379,17663,15814,16455,18489,21491,14640,16557,16959,12518,22004
186,SGP,estimate_price_low,7393,6583,3617,7685,8777,6637,7588,3799,8055,7205,8060,7466,8226,7133,4943,4984,4832,6694,18657,19306,23942,22725,97628,28165,24965,10610
187,SGP,estimate_price_high,11090,9874,5425,11528,13165,9955,11382,5698,12083,10808,12090,11200,12340,10699,7414,7476,7247,10042,27986,28959,35913,34087,146441,42247,37447,15915
188,CII,estimate_price_low,9106,60017,32035,133287,36176,23166,25815,10767,9588,22641,10027,14678,17279,344695,44261,29501,14852,8610,7377,5925,12950,8566,174069,18358,7366,9902
189,CII,estimate_price_high,13658,90026,48052,199929,54264,34749,38723,16150,14382,33962,15041,22017,25919,517043,66391,44252,22278,12915,11065,8887,19425,12849,261103,27536,11050,14853
190,PVT,estimate_price_low,11653,11809,9626,8566,11302,11594,15545,18820,16621,14351,15847,14821,14884,15287,13529,10164,10038,9420,13707,15041,16404,16080,15829,18221,16376,24551
191,PVT,estimate_price_high,17480,17714,14439,12848,16953,17391,23319,28230,24931,21526,23771,22232,22327,22930,20294,15246,15058,14129,20560,22562,24605,24120,23744,27330,24564,36826
192,GEG,estimate_price_low,0,9617,15493,15384,12681,15622,11200,11285,14191,14138,10938,16148,27721,24402,31074,20337,15258,17534,16814,15362,15208,15341,18615,25409,18137,26042
193,GEG,estimate_price_high,0,14426,23239,23077,19021,23433,16799,16927,21286,21207,16407,24221,41581,36603,46611,30506,22886,26301,25222,23043,22812,23011,27923,38114,27206,39064
194,CMG,estimate_price_low,12503,12568,12335,13748,13821,20153,18066,14333,19871,15183,17967,30824,26950,26380,33415,33210,33206,32312,29390,27089,32866,40568,50491,48488,58044,56860
195,CMG,estimate_price_high,18754,18851,18504,20621,20730,30229,27100,21500,29807,22775,26950,46235,40425,39570,50122,49815,49810,48468,44085,40634,49300,60852,75736,72731,87067,85289
196,NT2,estimate_price_low,36801,29681,22827,22083,17298,18378,26863,20829,26006,20374,19841,19663,19602,27284,18452,18875,17882,13544,16810,14735,9689,28522,14943,21364,38908,21874
197,NT2,estimate_price_high,55202,44522,34241,33126,25947,27567,40294,31243,39009,30560,29762,29494,29404,40926,27679,28313,26823,20317,25215,22102,14534,42783,22414,32047,58362,32810
198,HDC,estimate_price_low,12977,11103,12388,12896,9892,19371,12278,17060,14918,9224,16736,10438,17069,20574,24945,24246,16924,17502,28025,40758,45724,58833,56891,68278,53146,45157
199,HDC,estimate_price_high,19466,16655,18582,19345,14839,29056,18418,25590,22376,13836,25103,15656,25603,30860,37418,36370,25386,26253,42037,61136,68587,88248,85335,102417,79720,67735
200,CRE,estimate_price_low,0,0,0,0,0,0,0,37600,36193,37109,60173,25185,25131,21977,22466,16899,16806,15542,19041,33143,33504,38142,34598,32101,24126,21167
201,CRE,estimate_price_high,0,0,0,0,0,0,0,56400,54289,55663,90259,37777,37696,32965,33698,25349,25209,23313,28561,49714,50256,57212,51897,48152,36188,31750
202,SHS,estimate_price_low,5918,4747,4204,6963,14049,19531,20507,20579,13168,13358,11575,11282,11942,8788,7308,7311,12260,11643,25638,27511,28756,40708,47103,49597,22725,18273
203,SHS,estimate_price_high,8876,7121,6305,10445,21074,29297,30760,30868,19752,20037,17362,16924,17912,13183,10962,10967,18390,17464,38457,41267,43133,61062,70654,74395,34088,27409
204,SCR,estimate_price_low,3616,16535,5738,7514,8682,4655,20166,8769,17114,8718,5248,8171,3745,10279,4097,3902,3583,2071,10617,4870,15280,8302,7687,11355,6592,8873
205,SCR,estimate_price_high,5424,24803,8607,11271,13023,6984,30249,13153,25671,13077,7871,12256,5618,15418,6144,5853,5375,3107,15926,7305,22920,12453,11529,17032,9888,13310
206,PPC,estimate_price_low,6418,13412,14360,14667,18552,13731,8450,13832,16065,16519,20136,19403,16485,20345,27071,19607,18546,16945,19706,18237,14734,14334,7888,11823,10049,38065
207,PPC,estimate_price_high,9627,20118,21541,22001,27828,20596,12675,20747,24097,24778,30204,29104,24727,30517,40605,29411,27819,25419,29559,27356,22102,21502,11832,17735,15073,57097
208,IDI,estimate_price_low,9305,5225,4913,4635,4499,18398,15780,18616,13043,10864,11317,7851,6341,4638,3073,2156,2442,2512,4132,4939,5336,4248,14644,46763,42859,20932
209,IDI,estimate_price_high,13957,7838,7370,6953,6748,27598,23671,27924,19566,16296,16975,11776,9511,6957,4609,3233,3664,3768,6197,7408,8004,6372,21967,70144,64289,31397
210,SZC,estimate_price_low,0,0,0,0,0,0,0,0,8540,9924,8082,13890,14478,21022,16265,21256,22841,16853,21632,30161,40155,44203,53797,46492,36648,30104
211,SZC,estimate_price_high,0,0,0,0,0,0,0,0,12809,14887,12123,20835,21717,31533,24397,31884,34262,25279,32449,45242,60233,66305,80695,69737,54972,45156
212,ANV,estimate_price_low,6116,5909,5941,2308,44318,4235,15386,17083,32462,29136,58330,32902,29544,25479,18596,12808,11265,9958,9613,17733,17820,15538,16779,73068,99574,62434
213,ANV,estimate_price_high,9175,8864,8912,3461,66477,6352,23079,25626,48693,43703,87494,49353,44316,38218,27895,19211,16897,14937,14419,26600,26730,23307,25168,109602,149361,93650
214,DHC,estimate_price_low,30873,32374,29496,27464,25669,27399,36848,39455,52463,46598,35893,33081,26350,29065,67710,56050,50637,45042,54164,77971,78415,75685,61045,54627,54890,49297
215,DHC,estimate_price_high,46310,48561,44244,41197,38503,41100,55271,59183,78695,69897,53839,49622,39524,43598,101565,84075,75956,67562,81246,116956,117623,113528,91567,81941,82335,73946
216,L14,estimate_price_low,43794,40820,49058,71194,78088,93006,81939,88857,75286,65859,46658,39578,37411,40843,43003,37441,33459,33268,30439,53676,106163,109292,1112144,256691,67625,77148
217,L14,estimate_price_high,65691,61230,73587,106791,117132,139508,122910,133286,112929,98788,69986,59367,56117,61264,64505,56161,50189,49901,45658,80513,159245,163938,1668216,385036,101438,115722
218,PTB,estimate_price_low,99532,112440,121487,112344,131304,123591,140021,128020,104693,77667,66770,54056,56111,61712,59509,50747,41460,42568,45373,63516,78401,94123,87089,95964,90477,56382
219,PTB,estimate_price_high,149298,168660,182231,168516,196956,185386,210032,192029,157039,116501,100155,81085,84166,92568,89264,76120,62190,63852,68060,95273,117601,141185,130634,143946,135716,84573
220,VSC,estimate_price_low,51042,43266,53517,48648,45778,46945,43494,43008,40502,38372,36408,30089,24178,22618,24133,25253,25338,25145,28078,37702,51510,63350,57823,45499,41214,29782
221,VSC,estimate_price_high,76563,64899,80275,72972,68667,70417,65240,64512,60753,57559,54613,45135,36268,33928,36200,37879,38007,37718,42117,56554,77265,95025,86735,68248,61822,44673
222,PAN,estimate_price_low,31762,29187,32766,23985,27873,115239,45296,54910,48734,29062,58271,25440,35758,28210,18990,16966,14997,15195,17140,20561,25122,23582,41779,34171,27876,22756
223,PAN,estimate_price_high,47644,43780,49150,35977,41810,172858,67943,82365,73101,43593,87405,38160,53637,42315,28485,25449,22495,22792,25710,30841,37683,35374,62668,51256,41813,34135
224,HBC,estimate_price_low,42667,87636,72956,55631,52633,51914,46852,37628,32486,23563,18043,16515,12238,9063,12798,6940,7406,7956,4060,9469,19801,10371,17216,16683,16233,11176
225,HBC,estimate_price_high,64001,131453,109434,83447,78950,77872,70277,56442,48730,35345,27064,24773,18358,13594,19198,10411,11108,11935,6089,14204,29700,15556,25825,25024,24349,16765
226,TCM,estimate_price_low,16574,16774,17484,24464,30738,25829,22131,20567,20277,26776,25251,22356,19581,16666,19795,16415,21710,22281,23972,55867,46768,38808,37634,53564,47680,95082
227,TCM,estimate_price_high,24861,25160,26225,36696,46107,38743,33195,30850,30416,40165,37877,33535,29372,24999,29692,24622,32565,33421,35958,83800,70152,58212,56451,80345,71519,142623
228,ASM,estimate_price_low,19550,26306,13635,11854,10116,8904,14240,102758,30398,16960,12349,5626,4066,5944,8130,4674,5712,4620,6301,8836,9484,20210,16468,20396,18410,11350
229,ASM,estimate_price_high,29325,39458,20452,17781,15174,13356,21360,154136,45598,25440,18523,8439,6099,8917,12195,7012,8568,6930,9451,13253,14226,30315,24702,30593,27615,17025
230,BMP,estimate_price_low,115346,159704,136225,116722,123301,72862,90070,61259,58839,48376,42641,41493,38670,40602,39034,40192,43650,47382,48097,43673,32511,22911,43982,58238,86325,105457
231,BMP,estimate_price_high,173018,239556,204336,175082,184951,109293,135105,91888,88258,72564,63962,62240,58005,60903,58552,60288,65475,71073,72145,65509,48766,34367,65973,87357,129488,158187
232,DVN,estimate_price_low,0,0,0,13120,13458,16821,14768,16684,16664,13260,11611,14170,11413,10596,10647,7840,11256,9361,14468,14391,15211,17316,15396,16903,8676,11478
233,DVN,estimate_price_high,0,0,0,19680,20187,25233,22153,25027,24996,19890,17416,21255,17120,15894,15970,11760,16885,14042,21702,21587,22816,25973,23093,25355,13014,17217
234,OGC,estimate_price_low,1077,508,1095,771,887,1176,1446,1543,1739,1971,2389,1281,2909,1505,12351,15574,3109,5222,4026,2435,5224,3841,8514,5516,4528,9680
235,OGC,estimate_price_high,1616,762,1643,1157,1331,1763,2169,2315,2609,2957,3584,1921,4363,2258,18527,23361,4664,7834,6039,3651,7837,5761,12772,8274,6793,14520
236,SAM,estimate_price_low,18129,5153,3209,12397,3598,12896,24479,9042,5597,5630,5507,3926,5411,7178,7170,6067,8070,14374,9944,10671,8863,11616,21075,13829,13804,6864
237,SAM,estimate_price_high,27193,7730,4813,18596,5397,19345,36718,13563,8396,8445,8261,5889,8116,10767,10755,9101,12105,21560,14915,16006,13294,17424,31612,20744,20707,10297
238,IJC,estimate_price_low,5090,11041,6025,5893,14369,7027,8199,9897,7300,9581,7294,8618,10683,10575,10813,12977,7730,10180,22236,34722,33311,24107,20045,17393,19553,19602
239,IJC,estimate_price_high,7636,16561,9038,8841,21553,10541,12298,14845,10949,14372,10941,12927,16024,15863,16219,19466,11596,15270,33354,52083,49966,36161,30068,26089,29329,29403
240,AAA,estimate_price_low,34193,28423,31747,36134,28634,32340,33466,31018,26442,17415,15100,37753,23149,17288,12738,7231,8689,11119,11691,14313,14398,13422,13804,14303,12002,12025
241,AAA,estimate_price_high,51290,42635,47620,54201,42950,48510,50200,46527,39664,26124,22650,56630,34723,25933,19107,10847,13034,16679,17536,21470,21597,20133,20707,21454,18001,18038
242,MSH,estimate_price_low,0,0,0,0,0,0,0,0,41790,41250,47129,52294,54918,49583,43175,33926,25971,20621,26672,42413,61877,75846,73343,64385,55866,40243
243,MSH,estimate_price_high,0,0,0,0,0,0,0,0,62685,61875,70693,78441,82377,74374,64763,50889,38958,30932,40008,63621,92816,113769,110014,96578,83799,60365
244,VPG,estimate_price_low,0,0,0,0,11040,14928,15574,18600,16625,18463,15871,18153,12390,18800,23274,15340,14283,17653,53112,142476,80627,63988,56733,46601,35639,20505
245,VPG,estimate_price_high,0,0,0,0,16560,22392,23360,27900,24938,27694,23807,27229,18585,28201,34911,23009,21425,26479,79668,213714,120940,95983,85100,69902,53458,30757
246,PET,estimate_price_low,9172,9790,7821,9276,8086,8272,8420,7492,7051,7336,3239,5616,6031,6119,40672,6241,6420,9255,8860,15858,21172,22128,26907,30218,24142,25549
247,PET,estimate_price_high,13758,14686,11732,13914,12129,12408,12631,11237,10577,11004,4858,8424,9046,9179,61009,9362,9631,13882,13290,23787,31758,33192,40360,45327,36213,38323
248,CTD,estimate_price_low,220960,245623,237571,191824,187803,194173,187172,161346,149267,134466,112243,103798,74083,58490,54662,50919,59068,48153,39995,40728,33889,31770,21517,20901,54025,46614
249,CTD,estimate_price_high,331440,368434,356356,287736,281705,291259,280757,242019,223901,201699,168363,155696,111125,87734,81992,76378,88601,72230,59993,61092,50833,47656,32275,31351,81037,69921
250,FMC,estimate_price_low,18820,16796,18764,16160,17502,22742,17873,23316,21552,23391,30720,26657,29389,30046,26299,23317,23278,24025,28625,28737,36190,35876,52593,48056,58301,46054
251,FMC,estimate_price_high,28229,25194,28147,24240,26253,34113,26810,34974,32327,35086,46080,39986,44083,45069,39449,34975,34918,36038,42938,43106,54285,53814,78890,72085,87452,69082
252,VIX,estimate_price_low,6015,5260,3842,4664,6847,6765,8703,13193,8092,15022,8191,8078,6246,4618,4933,3388,9905,15880,23018,44558,22383,31841,28802,39939,25229,17533
253,VIX,estimate_price_high,9023,7890,5763,6996,10271,10148,13055,19789,12138,22533,12287,12117,9369,6928,7399,5082,14858,23819,34528,66838,33574,47761,43203,59908,37844,26299
254,BMI,estimate_price_low,21167,20020,30215,22932,22314,25966,19289,26135,23381,18131,17926,16364,18219,21359,24593,18115,18732,20878,21194,25675,26267,27514,33518,30020,27126,27777
255,BMI,estimate_price_high,31751,30030,45322,34398,33470,38948,28934,39203,35072,27196,26888,24546,27329,32038,36891,27173,28099,31317,31790,38512,39400,41272,50278,45030,40689,41666
256,TDM,estimate_price_low,33862,20480,30049,21263,19155,25319,33888,29601,24693,19892,22439,22163,25595,25329,28383,19994,22164,19254,16477,34367,23954,23551,36944,22803,31808,32778
257,TDM,estimate_price_high,50793,30720,45074,31895,28733,37978,50832,44401,37038,29838,33657,33244,38392,37993,42574,29992,33246,28881,24716,51550,35932,35327,55416,34204,47711,49168
258,MIG,estimate_price_low,0,0,11200,10925,10815,10331,7927,9757,14934,11373,23036,15787,14230,13572,11096,9135,8111,8281,14949,13623,16298,16930,17746,21879,16409,20079
259,MIG,estimate_price_high,0,0,16800,16388,16222,15496,11889,14635,22401,17060,34554,23680,21345,20358,16643,13702,12167,12420,22424,20434,24448,25395,26618,32818,24614,30118
260,TTF,estimate_price_low,69713,-2350,-1241,-1391,4596,30433,29480,761,765,2647,687,1870,-5974,-22927,-4701,-4001,2231,2565,4259,4579,4913,-4481,-4583,5800,1279,2678
261,TTF,estimate_price_high,104569,-3525,-1862,-2087,6894,45649,44220,1142,1148,3970,1031,2805,-8962,-34390,-7051,-6002,3347,3847,6389,6868,7370,-6722,-6874,8700,1919,4017
262,HTN,estimate_price_low,0,0,0,0,0,0,0,0,22360,12881,18864,14703,16232,13536,20655,31859,16644,45849,22300,23230,42738,18437,54385,32615,32706,21950
263,HTN,estimate_price_high,0,0,0,0,0,0,0,0,33540,19321,28296,22055,24349,20304,30982,47787,24966,68773,33450,34844,64107,27655,81577,48922,49059,32924
264,HAH,estimate_price_low,36121,28951,27396,28332,26717,28569,26062,19639,15297,11918,11848,10646,10945,10314,9467,9222,9461,9817,13865,22492,31173,57457,99214,104949,100653,78964
265,HAH,estimate_price_high,54182,43426,41093,42498,40075,42855,39092,29459,22945,17878,17772,15969,16418,15470,14201,13833,14192,14726,20797,33739,46759,86186,148821,157424,150979,118446
266,DPG,estimate_price_low,0,80000,0,0,0,97225,104748,70582,69028,44665,88765,42755,34407,22931,136561,34803,31369,23212,18272,35271,38282,55071,44705,51516,47762,40872
267,DPG,estimate_price_high,0,120000,0,0,0,145838,157122,105873,103542,66998,133147,64133,51611,34396,204840,52204,47055,34818,27408,52908,57424,82606,67057,77275,71643,61308
268,DRC,estimate_price_low,34573,32481,29224,24742,18132,16050,12498,12344,21363,20729,19886,16526,20896,29474,29702,22936,15078,14385,20328,23791,30626,22399,23263,24010,22439,29039
269,DRC,estimate_price_high,51860,48721,43836,37113,27199,24074,18746,18517,32044,31094,29829,24789,31344,44211,44554,34404,22618,21578,30492,35687,45939,33598,34895,36014,33659,43560
270,TVS,estimate_price_low,9632,7591,9345,13410,13389,9305,12022,10709,8604,12987,10714,10158,12467,9041,10931,6954,11394,10809,16890,28626,22962,24978,29808,26596,19322,20405
271,TVS,estimate_price_high,14448,11387,14018,20115,20084,13957,18033,16064,12905,19481,16071,15237,18701,13561,16397,10431,17090,16213,25336,42939,34444,37467,44712,39894,28982,30608
272,APH,estimate_price_low,0,0,0,0,0,0,0,0,0,0,0,0,0,0,104274,44061,48587,76806,251232,91492,50983,34000,23558,27426,24236,17858
273,APH,estimate_price_high,0,0,0,0,0,0,0,0,0,0,0,0,0,0,156411,66091,72880,115208,376847,137237,76474,50999,35337,41140,36354,26787
274,GIL,estimate_price_low,45638,43570,30329,36999,27539,27449,136450,42973,42114,37812,33488,30181,29851,24233,20497,18537,22882,32233,37766,44467,55025,43961,56969,73912,70020,75871
275,GIL,estimate_price_high,68456,65355,45494,55498,41308,41174,204676,64460,63171,56718,50232,45272,44777,36349,30747,27805,34323,48349,56649,66700,82538,65941,85453,110869,105030,113806
276,DPR,estimate_price_low,17999,24252,29798,32347,90024,45660,59931,50744,27373,25846,25669,22571,27197,26398,30642,21871,28906,51064,46989,46863,42254,50770,183447,70551,75560,61170
277,DPR,estimate_price_high,26998,36379,44696,48520,135036,68490,89897,76117,41060,38770,38504,33857,40795,39598,45963,32807,43359,76595,70484,70295,63381,76154,275171,105827,113340,91755
278,DDV,estimate_price_low,5766,4574,4412,4722,5170,5590,5706,5014,6963,4071,5820,6226,2934,3608,2060,3122,4793,5008,5494,4166,12028,18273,14967,35616,29726,19175
279,DDV,estimate_price_high,8649,6861,6618,7083,7756,8385,8559,7520,10444,6107,8730,9338,4401,5413,3090,4684,7189,7512,8241,6249,18042,27410,22451,53425,44589,28762
280,LDG,estimate_price_low,8318,4940,8550,8997,15815,19929,16860,12887,10359,44515,32032,20547,12421,8671,6555,4642,4441,3251,2153,3765,4280,28211,181292,14987,15899,8125
281,LDG,estimate_price_high,12477,7410,12825,13496,23723,29893,25290,19330,15539,66773,48048,30821,18631,13006,9833,6963,6661,4876,3229,5648,6420,42316,271939,22481,23848,12187
282,DBC,estimate_price_low,49128,39657,30585,22010,11723,22677,21177,20669,39069,23084,29061,21830,15869,10503,31886,64763,71849,58246,42117,43999,38102,35289,35296,24415,16493,22826
283,DBC,estimate_price_high,73692,59486,45877,33015,17584,34016,31766,31002,58604,34626,43591,32745,23804,15754,47829,97143,107773,87370,63175,65999,57154,52933,52943,36622,24739,34239
284,DBD,estimate_price_low,29566,28968,37480,34326,34276,40496,42360,41971,41583,34051,31763,31873,34521,31479,38701,41786,41274,44006,38133,38063,43549,38792,47536,48013,47548,41262
285,DBD,estimate_price_high,44348,43452,56220,51488,51414,60744,63540,62956,62375,51076,47644,47808,51781,47219,58051,62679,61910,66008,57199,57093,65323,58189,71304,72020,71322,61893
286,AGG,estimate_price_low,0,0,0,0,0,0,0,0,0,0,0,0,24000,29775,22686,28606,28225,23999,25927,29245,35379,39245,39578,37689,27887,33035
287,AGG,estimate_price_high,0,0,0,0,0,0,0,0,0,0,0,0,36000,44663,34029,42909,42337,35998,38890,43868,53068,58868,59367,56533,41831,49552
288,QCG,estimate_price_low,13966,2808,8460,4057,57882,25052,14045,11283,4514,3106,5078,3199,5986,5879,2642,5213,2803,2437,5598,3532,12334,7837,12498,7192,10036,5612
289,QCG,estimate_price_high,20949,4213,12691,6086,86822,37578,21066,16925,6770,4660,7617,4799,8979,8819,3963,7820,4205,3654,8397,5299,18500,11755,18747,10788,15053,8419
290,AGR,estimate_price_low,1963,1955,2093,2550,2994,2274,2740,2551,3354,3217,6812,3644,3665,3000,2853,2700,3507,4502,4176,9068,36822,14746,17158,14095,7786,8619
291,AGR,estimate_price_high,2944,2933,3140,3824,4491,3411,4109,3827,5032,4824,10218,5466,5497,4499,4279,4050,5261,6753,6264,13603,55233,22118,25737,21142,11679,12928
292,LTG,estimate_price_low,0,0,46800,80239,41940,39853,72867,36497,32560,25911,30654,22184,28673,19854,12747,10350,12150,23583,39344,60777,24526,25125,28821,30824,22140,19296
293,LTG,estimate_price_high,0,0,70200,120358,62909,59780,109300,54745,48839,38867,45982,33277,43010,29781,19121,15525,18226,35374,59016,91165,36789,37688,43232,46236,33209,28944
294,FCN,estimate_price_low,16365,20997,18466,17444,20565,23939,18570,19789,15284,14785,25042,15202,17647,10572,8240,7640,5328,8974,7094,9807,11408,9731,11746,10940,11121,7466
295,FCN,estimate_price_high,24548,31496,27699,26166,30848,35909,27855,29683,22926,22178,37563,22802,26470,15858,12360,11460,7992,13461,10641,14710,17112,14596,17619,16410,16681,11200
296,TNG,estimate_price_low,17345,15865,12500,12148,11615,15220,14960,13723,14912,15643,17857,18344,18507,18299,14746,12885,10204,9816,8640,13828,22199,26623,33865,29230,31016,27745
297,TNG,estimate_price_high,26017,23798,18751,18222,17422,22831,22441,20585,22368,23464,26785,27516,27760,27448,22119,19327,15306,14724,12960,20741,33298,39934,50798,43845,46523,41618
298,TCD,estimate_price_low,0,0,6956,13939,14046,18525,22660,12505,11114,7377,35442,11928,18199,11882,9060,9416,7546,10493,18482,24839,34663,25384,23415,35115,31744,15860
299,TCD,estimate_price_high,0,0,10434,20908,21069,27787,33989,18758,16671,11067,53163,17892,27298,17823,13590,14124,11319,15739,27722,37259,51995,38076,35122,52672,47617,23789
300,POM,estimate_price_low,10116,5860,22951,22154,13348,25897,16147,15813,16424,8960,7029,3549,2706,5311,4965,4422,4246,4481,5191,14128,6210,6057,5777,8313,2675,5067
301,POM,estimate_price_high,15173,8790,34426,33231,20022,38846,24220,23718,24636,13439,10544,5323,4058,7967,7448,6634,6368,6722,7786,21192,9314,9086,8666,12470,4013,7601
302,KSB,estimate_price_low,47491,61832,64809,67642,52873,42883,49755,40067,35181,32744,31935,24341,23050,18617,20067,17482,19328,22150,20619,23150,20802,25718,24686,27705,23665,21139
303,KSB,estimate_price_high,71238,92749,97213,101464,79310,64324,74633,60100,52772,49116,47902,36512,34575,27926,30100,26223,28991,33224,30929,34724,31203,38576,37028,41557,35498,31709
304,HQC,estimate_price_low,8068,5422,1669,1845,2986,2599,1626,1497,1294,1517,1115,1249,1151,1124,949,739,705,771,646,1160,1313,2522,3652,12480,15458,4406
305,HQC,estimate_price_high,12101,8132,2502,2769,4479,3898,2439,2246,1940,2276,1672,1873,1728,1686,1423,1108,1058,1156,969,1740,1969,3783,5478,18720,23187,6608
306,FIT,estimate_price_low,3827,5349,4297,3964,6056,4864,6100,5464,2167,1521,3307,14993,2784,2883,3343,1959,6125,6321,4557,10117,32010,15631,13739,11471,5136,5321
307,FIT,estimate_price_high,5741,8024,6444,5946,9083,7296,9150,8196,3251,2282,4961,22489,4176,4325,5014,2938,9187,9483,6836,15176,48016,23447,20609,17206,7703,7981
308,VDS,estimate_price_low,7430,10437,6389,8458,10187,10607,13103,13058,8389,8079,5572,4760,5978,4669,6615,9854,5795,4096,17831,28808,19087,23109,25260,24820,9861,17516
309,VDS,estimate_price_high,11146,15656,9583,12688,15280,15910,19654,19587,12584,12118,8358,7139,8968,7005,9922,14782,8692,6144,26747,43212,28630,34664,37889,37231,14791,26274
310,PLC,estimate_price_low,19936,18034,23509,23789,21922,20375,17962,17196,14803,15268,13934,14144,11875,11764,11273,9430,14651,16652,16274,22705,26281,23445,25587,25805,19337,21131
311,PLC,estimate_price_high,29904,27052,35263,35683,32883,30563,26942,25794,22204,22902,20901,21217,17812,17646,16910,14146,21977,24978,24411,34058,39422,35166,38380,38708,29004,31697
312,LCG,estimate_price_low,2747,4005,184847,10091,14800,7467,7610,9065,8730,12919,14786,11705,9797,9238,6137,5223,6707,11059,16073,13588,12268,10320,9190,12502,12165,10332
313,LCG,estimate_price_high,4121,6008,277270,15136,22199,11200,11415,13598,13094,19378,22179,17557,14695,13858,9206,7834,10060,16588,24109,20381,18402,15479,13785,18753,18247,15498
314,CTS,estimate_price_low,5098,5711,5978,7159,9303,7839,9443,10411,9154,17429,8372,8767,7231,5076,7597,4039,6132,5150,11639,23267,18371,21749,29350,27577,15446,14153
315,CTS,estimate_price_high,7647,8566,8967,10738,13954,11760,14164,15617,13731,26143,12559,13151,10847,7613,11395,6059,9197,7724,17459,34901,27556,32624,44025,41365,23169,21229
316,HHS,estimate_price_low,6748,4973,3573,2527,2863,2970,4513,5699,4948,5559,3500,3466,2841,2076,4204,3505,5963,4467,3450,4094,3539,4262,7907,7320,5510,5053
317,HHS,estimate_price_high,10121,7460,5360,3790,4295,4455,6770,8549,7423,8339,5250,5198,4262,3113,6305,5257,8944,6701,5176,6141,5309,6392,11861,10980,8264,7580
318,TV2,estimate_price_low,78622,155150,168166,165277,178815,245357,274494,245187,165085,105130,85625,100894,121532,89771,88344,69074,48854,53556,61261,43215,54292,60831,43958,42845,30430,20135
319,TV2,estimate_price_high,117932,232725,252249,247915,268223,368036,411741,367781,247626,157695,128438,151342,182297,134657,132516,103611,73281,80333,91890,64823,81438,91246,65938,64268,45646,30203
320,TIG,estimate_price_low,7008,4724,2946,2837,1997,2723,17792,3968,3597,3163,2116,2908,2916,4040,7823,4961,5076,4367,3590,7218,12440,17213,36802,23410,25091,14488
321,TIG,estimate_price_high,10511,7087,4419,4256,2996,4085,26688,5953,5395,4744,3173,4361,4374,6060,11734,7441,7615,6550,5385,10826,18659,25820,55203,35115,37636,21732
322,VOS,estimate_price_low,1484,1069,855,705,649,1796,1755,1447,798,906,536,493,645,92272,1360,478,427,104937,21224,3309,5034,10631,8928,14331,14275,12569
323,VOS,estimate_price_high,2227,1604,1283,1057,973,2694,2632,2170,1196,1358,804,740,969,138408,2040,717,640,157406,31836,4964,7551,15947,13392,21495,21412,18854
324,CSV,estimate_price_low,24743,21870,24645,23822,27544,33067,36408,32253,31835,28439,26737,25543,22619,22058,19869,17936,17904,16454,17493,19574,24018,26532,45897,56702,55177,50514
325,CSV,estimate_price_high,37114,32805,36969,35733,41317,49601,54612,48379,47752,42658,40106,38316,33930,33087,29804,26904,26856,24680,26240,29362,36028,39799,68845,85053,82765,75771
326,SHI,estimate_price_low,9592,8340,12369,8676,6343,6583,5854,5865,6799,5799,5272,4034,5526,12449,7935,7126,5281,4561,5192,18033,16810,10168,15063,10893,13909,10294
327,SHI,estimate_price_high,14389,12509,18553,13014,9515,9875,8781,8797,10198,8699,7908,6050,8290,18674,11903,10688,7923,6841,7788,27050,25215,15253,22594,16339,20864,15442
328,PSH,estimate_price_low,0,0,0,0,0,0,0,0,0,0,0,0,0,0,15360,12244,15141,15558,8416,25022,94004,85070,35854,18399,4274,9748
329,PSH,estimate_price_high,0,0,0,0,0,0,0,0,0,0,0,0,0,0,23040,18366,22712,23338,12623,37534,141006,127605,53781,27599,6411,14622
330,LHG,estimate_price_low,17342,23618,41375,19633,17468,19818,20264,29200,23808,17152,11396,12949,12319,15339,13158,14724,17432,19439,27318,21072,79784,37434,35438,36616,16464,32521
331,LHG,estimate_price_high,26013,35426,62062,29450,26202,29727,30396,43799,35712,25727,17093,19424,18478,23008,19737,22086,26148,29158,40976,31609,119675,56150,53158,54923,24697,48781
332,SGT,estimate_price_low,2822,3292,16125,14924,8475,7205,5624,3605,4419,5036,7296,5109,5006,3773,1745,1640,4665,4768,5766,8083,6488,16020,88448,333189,23967,33963
333,SGT,estimate_price_high,4231,4938,24186,22385,12714,10806,8436,5407,6629,7554,10945,7664,7510,5659,2617,2460,6997,7152,8649,12124,9733,24031,132673,499784,35951,50945
334,SMC,estimate_price_low,11639,6590,13464,19093,15145,19426,15662,17844,22654,15603,9419,9291,7334,7590,15143,7383,11211,24069,57248,58497,96894,41841,34147,25522,10948,5399
335,SMC,estimate_price_high,17459,9885,20195,28639,22718,29139,23494,26765,33982,23405,14127,13937,11000,11384,22715,11074,16817,36102,85872,87746,145341,62762,51221,38283,16421,8099
336,BCC,estimate_price_low,15436,16769,12896,11010,5355,3614,3028,7224,5884,2613,2823,6208,8799,6391,4760,5252,4945,6164,9401,7166,13906,8572,7662,20494,9282,7572
337,BCC,estimate_price_high,23154,25153,19344,16514,8033,5421,4543,10836,8826,3920,4234,9312,13198,9586,7141,7877,7418,9246,14102,10750,20858,12859,11493,30740,13923,11359
338,TNH,estimate_price_low,0,0,0,0,0,0,0,0,0,0,0,0,0,0,0,0,23506,27258,23021,21385,26408,38890,40032,39185,35674,29213
339,TNH,estimate_price_high,0,0,0,0,0,0,0,0,0,0,0,0,0,0,0,0,35260,40887,34532,32077,39612,58335,60048,58778,53511,43820
340,EVS,estimate_price_low,0,0,0,0,0,0,0,9137,10154,7521,5217,5138,10122,6366,5049,4892,6768,4211,202241,24382,30856,34032,62002,31711,29832,16987
341,EVS,estimate_price_high,0,0,0,0,0,0,0,13706,15232,11282,7826,7708,15184,9549,7573,7338,10151,6317,303361,36573,46282,51047,93002,47567,44749,25481
342,BVS,estimate_price_low,11459,11419,12977,14095,14528,16783,16730,16495,14201,13667,10895,11047,10603,10264,10262,6595,10752,8414,11141,23977,21604,25254,30358,26407,17220,17810
343,BVS,estimate_price_high,17190,17129,19466,21142,21793,25175,25095,24743,21303,20501,16343,16571,15905,15395,15394,9892,16129,12621,16712,35966,32406,37880,45537,39612,25830,26716
344,TTA,estimate_price_low,0,0,0,0,0,0,0,0,0,0,0,0,0,0,0,0,12200,13039,12445,18048,12707,10249,12469,15357,16751,13298
345,TTA,estimate_price_high,0,0,0,0,0,0,0,0,0,0,0,0,0,0,0,0,18300,19558,18668,27072,19060,15373,18702,23035,25126,19947
346,BFC,estimate_price_low,30699,19792,30533,32849,35700,38828,27916,24476,20164,21057,19041,15162,9453,10582,9504,11556,22840,13815,16685,23179,21144,22048,33676,30383,23930,17410
347,BFC,estimate_price_high,46048,29688,45799,49273,53549,58244,41874,36714,30247,31586,28561,22743,14180,15872,14256,17334,34260,20722,25027,34769,31716,33072,50514,45575,35896,26114
348,CKG,estimate_price_low,0,0,0,0,0,0,0,0,0,0,0,0,0,7395,4888,8039,9142,10036,16257,20296,12156,13443,32580,21400,28339,0
349,CKG,estimate_price_high,0,0,0,0,0,0,0,0,0,0,0,0,0,11092,7332,12058,13713,15054,24385,30445,18234,20166,48869,32101,42509,0
350,NTL,estimate_price_low,7951,7914,8208,8143,7776,14538,7504,9208,7996,5593,12221,17899,36538,18246,21703,13513,11764,22812,26570,21566,21554,23332,20298,27956,23764,16018
351,NTL,estimate_price_high,11926,11872,12312,12214,11664,21808,11256,13812,11993,8390,18332,26849,54807,27369,32554,20269,17646,34218,39856,32350,32330,34998,30446,41934,35645,24026
352,CSC,estimate_price_low,16492,15867,32042,26138,163225,30040,63945,50970,60749,29046,17864,11137,5486,10229,6294,6776,18592,22908,21425,9456,23740,47289,57026,181066,232507,156302
353,CSC,estimate_price_high,24738,23800,48063,39208,244837,45061,95917,76454,91124,43568,26796,16705,8229,15344,9440,10164,27888,34361,32138,14184,35610,70933,85539,271598,348761,234453
354,C4G,estimate_price_low,0,0,0,0,0,0,0,0,15471,7897,8845,10156,7000,5616,3535,3327,4875,3908,8094,8403,8393,7753,14835,17497,20359,14460
355,C4G,estimate_price_high,0,0,0,0,0,0,0,0,23207,11846,13268,15234,10500,8423,5302,4991,7311,5863,12142,12605,12590,11629,22252,26245,30539,21690
356,CMX,estimate_price_low,2820,1298,15560,3881,4366,4944,4927,2473,4883,19305,16394,25199,22517,18706,31581,16328,13724,12067,6830,9913,17354,22288,20404,20142,17551,15398
357,CMX,estimate_price_high,4230,1946,23341,5822,6549,7416,7391,3709,7325,28957,24592,37799,33775,28060,47372,24492,20587,18100,10244,14870,26031,33433,30606,30214,26326,23098
358,TSC,estimate_price_low,4722,2711,1738,2086,2975,2968,2908,2172,1703,1548,1403,1268,1288,1415,627,3118,794,3537,82051,7108,338959,11063,16392,12336,3903,2820
359,TSC,estimate_price_high,7083,4066,2606,3130,4463,4451,4362,3258,2555,2323,2105,1902,1931,2123,940,4677,1191,5306,123078,10661,508438,16595,24588,18504,5855,4230
360,CTF,estimate_price_low,0,0,11520,22912,25166,21325,140393,18702,19533,31280,63664,53322,30830,16541,8874,7143,6595,16886,9403,273809,11660,8801,167742,18450,48134,62006
361,CTF,estimate_price_high,0,0,17280,34368,37749,31988,210590,28052,29300,46920,95496,79983,46244,24812,13310,10715,9892,25329,14104,410714,17490,13201,251613,27676,72201,93009
362,LAS,estimate_price_low,13937,15120,9543,13824,13690,12683,10636,9454,9207,8640,7890,5805,4215,3822,2157,3663,61946,5131,5830,6704,12037,8608,12058,14059,12086,12244
363,LAS,estimate_price_high,20906,22679,14315,20737,20535,19024,15953,14180,13810,12959,11834,8707,6323,5734,3236,5495,92919,7696,8745,10056,18055,12913,18087,21088,18129,18365
364,DCL,estimate_price_low,27092,22544,27382,18991,21381,19201,15415,14284,8536,6759,5466,4811,5286,15799,69528,13129,14258,16923,9713,21265,29651,31018,34610,33056,22699,28558
365,DCL,estimate_price_high,40638,33815,41073,28486,32072,28802,23124,21427,12804,10138,8198,7217,7930,23699,104293,19694,21387,25386,14569,31898,44477,46526,51916,49585,34048,42837
366,TDC,estimate_price_low,9727,4591,4718,5425,3254,17133,4602,8318,11427,4741,7259,5811,7962,7438,8687,7447,6832,10273,7105,12214,14003,11285,11585,17061,11704141,23547
367,TDC,estimate_price_high,14591,6886,7077,8138,4882,25700,6904,12477,17139,7112,10888,8718,11942,11158,13031,11170,10248,15410,10657,18322,21004,16928,17377,25591,17556211,35320
368,APG,estimate_price_low,7486,6096,5804,2940,4524,3459,6965,4042,3666,6615,11101,12437,6726,7447,24142,8893,9821,8717,7708,10394,21724,32286,102078,35379,12801,8114
369,APG,estimate_price_high,11229,9144,8706,4410,6787,5189,10447,6063,5499,9922,16652,18656,10089,11170,36212,13339,14731,13075,11561,15591,32586,48429,153117,53069,19202,12170
370,IBC,estimate_price_low,0,35440,40017,24937,68758,66075,43145,24779,15568,21729,57607,21638,19859,16404,11675,13454,17029,21524,21402,19598,12285,17682,18251,17990,19143,15974
371,IBC,estimate_price_high,0,53160,60025,37406,103137,99112,64718,37168,23353,32594,86410,32456,29788,24606,17513,20181,25543,32287,32102,29397,18429,26523,27377,26986,28714,23961
372,DLG,estimate_price_low,11487,4776,3346,4888,2379,3681,2746,2252,1256,1722,1679,638,17766,1846,1783,618,3515,906,925,1277,1894,2102,4156,1492,3196,1966
373,DLG,estimate_price_high,17231,7164,5019,7332,3568,5522,4119,3378,1884,2583,2519,958,26649,2769,2674,926,5273,1359,1387,1915,2841,3153,6234,2239,4794,2948
374,APS,estimate_price_low,2758,1831,1562,6663,5438,2617,2432,2779,1783,2509,2487,2332,2173,1976,1892,1842,1960,2289,2112,3885,10803,34837,125454,28612,11045,8307
375,APS,estimate_price_high,4137,2747,2344,9994,8158,3925,3648,4168,2675,3763,3730,3499,3259,2965,2839,2762,2939,3434,3168,5827,16203,52255,188182,42918,16567,12461
376,NRC,estimate_price_low,0,0,0,0,0,21840,35806,40196,40680,33842,33384,31421,29481,29693,22795,8148,12221,6112,33737,18005,8089,22722,34646,20591,19727,10302
377,NRC,estimate_price_high,0,0,0,0,0,32760,53709,60294,61020,50764,50076,47133,44221,44539,34193,12221,18331,9169,50605,27007,12133,34082,51968,30886,29590,15453
378,D2D,estimate_price_low,33371,26917,30072,38623,29619,34298,58705,48234,67763,54667,77565,85066,113030,290584,162105,86959,68140,38776,38971,45411,39254,62488,41934,36707,24104,14569
379,D2D,estimate_price_high,50056,40375,45108,57936,44428,51447,88057,72351,101645,82000,116347,127599,169545,435876,243156,130439,102210,58165,58457,68116,58881,93731,62901,55062,36156,21853
380,ACL,estimate_price_low,7124,5689,7666,7570,8052,7210,5359,8795,34336,80573,55973,40786,31326,18911,12783,10755,8271,8689,12090,18617,14245,9765,13675,54868,29504,21158
381,ACL,estimate_price_high,10687,8534,11499,11354,12078,10816,8039,13193,51503,120860,83959,61179,46989,28366,19174,16133,12407,13034,18136,27925,21367,14648,20513,82303,44255,31737
382,TLH,estimate_price_low,7772,8968,38863,9932,8508,8859,8721,9164,7463,5503,2596,1927,1668,3493,3159,2844,2826,3078,3709,5380,11450,11370,12749,12580,6705,5239
383,TLH,estimate_price_high,11658,13452,58296,14897,12762,13289,13081,13747,11195,8254,3894,2891,2502,5240,4738,4267,4238,4617,5563,8070,17175,17056,19124,18870,10057,7860
384,G36,estimate_price_low,11760,15500,12323,6433,9973,9098,15746,6836,4351,6449,7930,5642,4329,3053,1844,2661,5372,22310,15532,11204,6776,4365,5249,3991,113316,7330
385,G36,estimate_price_high,17640,23251,18485,9650,14960,13647,23620,10255,6526,9673,11895,8463,6494,4579,2766,3993,8057,33466,23298,16805,10165,6548,7873,5986,169974,10995
386,IDJ,estimate_price_low,1859,1706,1652,1702,1793,1914,2059,2009,840,2670,83950,1896,1778,3156,1933,8908,154779,15862,20489,21312,23563,36898,40848,31744,20567,8301
387,IDJ,estimate_price_high,2789,2559,2478,2554,2690,2871,3088,3013,1260,4006,125926,2844,2667,4734,2899,13361,232168,23792,30733,31968,35345,55348,61271,47615,30851,12452
388,TVB,estimate_price_low,8749,11619,19520,12140,11003,10917,12552,16005,24731,24242,30123,24328,19645,25557,21529,18939,27195,16578,16644,27413,25173,23571,26355,15892,8559,6618
389,TVB,estimate_price_high,13124,17428,29280,18208,16504,16376,18828,24008,37097,36364,45184,36493,29468,38335,32295,28409,40792,24867,24966,41119,37759,35357,39532,23838,12838,9927
390,TVC,estimate_price_low,20918,25650,26404,14550,9012,6674,5705,6304,9499,9687,9841,10598,12029,10550,18301,16322,49436,17858,17136,26721,29414,34672,24957,15491,11324,40167
391,TVC,estimate_price_high,31378,38475,39605,21824,13518,10010,8559,9457,14249,14531,14762,15896,18043,15826,27452,24483,74154,26788,25704,40081,44120,52008,37436,23236,16986,60250
392,SBS,estimate_price_low,1445,1193,594,580,1035,1572,1694,1676,1047,1037,945,910,1306,1191,16212,681,920,1010,1112,2494,12283,8688,9918,14896,12390,8935
393,SBS,estimate_price_high,2168,1790,891,870,1553,2358,2541,2515,1570,1555,1418,1366,1959,1786,24318,1022,1380,1515,1669,3740,18425,13032,14876,22345,18585,13402
394,HAX,estimate_price_low,28516,56498,39375,43218,27189,43004,41735,22470,40069,17347,18144,13455,13489,10917,8078,9770,6799,27953,33354,33164,17978,11335,34101,21181,39601,34826
395,HAX,estimate_price_high,42773,84746,59063,64826,40783,64506,62602,33706,60103,26020,27217,20183,20234,16376,12116,14655,10198,41930,50031,49746,26968,17001,51152,31770,59402,52239
396,ABS,estimate_price_low,0,0,0,0,0,0,0,0,0,0,0,0,0,9055,18343,11102,7566,11276,35905,26992,25286,19871,26860,20480,15131,13225
397,ABS,estimate_price_high,0,0,0,0,0,0,0,0,0,0,0,0,0,13582,27514,16653,11349,16914,53857,40488,37930,29806,40290,30720,22697,19837
398,VNE,estimate_price_low,4056,2920,37344,12394,58952,6090,3831,5660,11457,5945,3673,2978,1427,3103,2977,3014,1791,2083,20113,13765,4158,5414,3848,10831,10837,4158
399,VNE,estimate_price_high,6084,4381,56016,18592,88428,9135,5746,8491,17186,8917,5510,4468,2141,4654,4466,4521,2687,3125,30170,20648,6236,8120,5772,16246,16255,6237
400,ITC,estimate_price_low,6200,19341,38890,19119,32418,20554,11987,11790,8644,15907,11114,9970,9399,5864,66869,10594,13483,14001,8871,14399,8885,16099,14808,11992,27699,10585
401,ITC,estimate_price_high,9299,29012,58335,28678,48626,30831,17981,17685,12966,23860,16670,14955,14099,8797,100304,15891,20225,21001,13307,21599,13328,24149,22212,17986,41548,15878
402,NHA,estimate_price_low,9308,10358,11819,10020,14150,11355,12067,9325,7127,10374,9794,7644,7366,6505,25850,10173,10210,8807,5636,13086,13485,15518,17969,24532,19283,19776
403,NHA,estimate_price_high,13963,15537,17728,15030,21225,17032,18099,13988,10690,15561,14691,11466,11049,9758,38776,15260,15315,13210,8454,19629,20227,23277,26955,36799,28924,29663
404,EVG,estimate_price_low,0,0,11320,82861,8003,5682,5232,3383,5659,6473,4801,3181,1851,1688,2474,2102,3266,3347,4350,7278,9068,7416,17932,13234,10050,10071
405,EVG,estimate_price_high,0,0,16980,124290,12005,8522,7848,5074,8489,9709,7201,4772,2776,2531,3710,3153,4899,5020,6525,10916,13603,11124,26898,19850,15076,15108
406,VGS,estimate_price_low,10655,9290,8824,7587,6452,10511,8832,9582,8486,5998,5314,5738,7795,7606,17870,6869,5999,8020,12319,15779,18187,21985,20252,27578,19594,11919
407,VGS,estimate_price_high,15983,13935,13237,11382,9679,15766,13248,14373,12729,8997,7972,8606,11692,11408,26805,10303,8997,12030,18478,23669,27280,32978,30378,41366,29391,17878
408,DRH,estimate_price_low,53612,22287,79097,27029,31607,27158,15200,16442,11035,9562,17693,8646,9446,6332,4768,4906,5751,6362,4087,6357,3923,5878,10043,35676,9880,9819
409,DRH,estimate_price_high,80419,33430,118646,40544,47410,40737,22799,24662,16553,14343,26539,12969,14169,9499,7152,7359,8626,9543,6131,9536,5885,8818,15064,53514,14821,14729
410,VPH,estimate_price_low,15217,7220,4620,5808,9569,99805,14665,10199,8075,3378,8608,3710,3801,3282,1444,1372,3482,1752,2635,2901,2765,1780,6439,6776,6086,6311
411,VPH,estimate_price_high,22826,10831,6930,8713,14355,149708,21997,15298,12113,5068,12912,5565,5701,4923,2166,2059,5223,2628,3952,4353,4148,2669,9658,10163,9129,9466
