,ticker,freeShares,sharesOutstanding,beta,marketCap,avgVolume3m,insiderOwnership,institutionOwnership,foreignOwnership,P/E,P/S,P/B,EPS,ROA,ROE,institutionalOwnership,freeFloat
0,VCB,378073433.0,4732516571.0,0.84,442490299388500.0,1245615.0,1.064e-05,0.92010091,0.2361,14.802826193740653,4.401237233194593,3.2087751793741806,6316.36140128,1.851569,24.211107000000002,1.15621155,-0.1562115500000001
1,VIC,1051005924.0,3813935561.0,0.75,201757191176900.0,2328828.0,0.26567617,0.47525969,0.1278,24.157176997369735,1.9869724246071603,1.7141963695602656,2189.82540906,1.6650559999999999,5.658725,0.86873586,0.13126413999999997
2,VHM,1233581320.0,4354367488.0,1.14,178529067008000.0,2784240.0,1.613e-05,0.77264849,0.2414,6.236128994409916,2.861404359660633,1.2124994287951085,6574.59139103,9.676259,20.462491999999997,1.01406462,-0.014064620000000083
3,GAS,81096640.0,1913950000.0,0.63,203835675000000.0,292976.0,9.12e-06,0.95761953,0.0301,13.777851393887968,2.0237141816729776,3.3457608429486294,7729.79740856,18.312852,26.067206,0.98772865,0.012271350000000014
4,HPG,3151606001.0,5814785700.0,1.58,120947542560000.0,30970641.0,0.34514673,0.04507264,0.2358,14.256779877860415,0.7649952160026492,1.2667426087048126,1458.95497989,4.867581,9.07844,0.6260193700000001,0.3739806299999999
5,VPB,5761056339.0,6713204001.0,1.24,115131448617150.0,22209466.0,0.0915796,0.11509634,0.1764,6.334523594974458,1.1894843554197005,1.1888227473560513,2707.38592143,3.084513,20.74602,0.38307594,0.61692406
6,NVL,1058392550.0,1950104538.0,0.58,22231191733200.0,24307113.0,0.0499548,0.40016015,0.0595,9.819680604254668,1.9902789656182038,0.49571697434176526,1160.93388975,0.98604,5.2586960000000005,0.50961495,0.49038505
7,VNM,584272199.0,2089955445.0,0.44,156119671741500.0,1854878.0,0.00349642,0.77295074,0.5579,18.660244404946315,2.650450802420975,5.001343797772868,4074.73935136,16.728415,24.803965,1.33434716,-0.3343471600000001
8,TCB,2888396323.0,3517238514.0,1.53,95844749506500.0,5185963.0,0.0297184,0.15211539,0.2246,4.756474258845708,1.7220061674253746,0.8535006231562757,5729.03342204,3.1788909999999997,19.707874,0.40643379,0.59356621
9,BID,202738956.0,5058523816.0,1.29,225610162193600.0,1729651.0,4.515e-05,0.95987617,0.1724,12.400686964573758,1.7161975706707584,2.2677524723934535,3596.57494197,0.937265,19.924682,1.13232132,-0.13232131999999996
10,MSN,486475426.0,1423724783.0,1.04,122297958859700.0,799598.0,0.04104094,0.58654374,0.3065,34.28598149805271,1.5280692569309209,5.082571084960262,2505.39714037,2.667548,9.033412,0.93408468,0.06591532
11,CTG,573673520.0,4805750609.0,1.45,135762454704250.0,4271388.0,4.088e-05,0.8896477,0.281,8.029452387415645,1.1660901874251692,1.2621880475041503,3518.29721841,1.0122229999999999,16.864554000000002,1.1706885800000002,-0.1706885800000002
12,GVR,127897381.0,4000000000.0,1.77,57200000000000.0,2267755.0,0.00031495,0.9738932,0.0056,15.37832318669591,2.3199033076633087,1.106300081631093,954.73369963,4.862463999999999,7.264247999999999,0.9798081500000001,0.0201918499999999
13,MBB,2743273804.0,4533986133.0,1.49,80251554554100.0,10417631.0,0.00529776,0.53164399,0.2323,4.590331807585537,1.0746869977823745,1.0566492676539294,3855.93040807,2.617817,25.800219000000002,0.76924175,0.23075825000000005
14,VGI,29522500.0,3043811200.0,2.23,62093748480000.0,627486.0,2.74e-05,0.99027341,0.0007,72.2304810705742,2.6157785433600074,2.353945716549658,282.42924175,1.674558,3.003964,0.9910008100000001,0.008999189999999935
15,MWG,1032889990.0,1463376716.0,1.42,61608159743600.0,2676183.0,0.0481343,0.34083959,0.49,15.02724897347459,0.3554920023761377,2.582240950987275,2801.57732625,6.901632,18.504565,0.87897389,0.12102610999999996
16,SAB,66760352.0,641281186.0,0.28,121202144154000.0,154630.0,2.65e-06,0.89975185,0.6265,23.537939139541457,3.5152063154850497,5.195341191903549,8145.96083768,16.085243,22.141704,1.5262544999999998,-0.5262544999999998
17,FPT,876621871.0,1097026572.0,0.81,88639747017600.0,979610.0,0.1092253,0.15175265,0.49,16.740218615748127,1.8595561694923086,3.6847372692319853,4826.69921192,10.05192,22.647168,0.75097795,0.24902205
18,BCM,34817850.0,1035000000.0,0.71,87043500000000.0,104963.0,0.01195879,0.95440077,0.0278,53.72215853698079,13.482674766001598,4.961166355532614,1577.87227326,3.3509240000000005,9.336714,0.99415956,0.005840439999999947
19,ACB,2378952989.0,3377435094.0,1.19,83084903312400.0,3231591.0,0.04741458,0.3124776,0.3,6.06982260642034,1.6645751598905159,1.4217454515069488,4052.83672936,2.410646,26.491677000000003,0.6598921799999999,0.34010782000000006
20,VRE,855125084.0,2272318410.0,1.36,60216437865000.0,2175325.0,5e-08,0.66021869,0.3266,22.01864560323438,8.23912863459586,1.8043595349311072,1203.52543374,6.791792000000001,8.541661000000001,0.98681874,0.013181259999999972
21,VJC,264024112.0,541611334.0,0.39,52103010330800.0,348651.0,0.10268554,0.47826176,0.1724,-23.990080075654244,1.324349841203751,3.665851901498032,-4009.99078355,-3.6563079999999997,-13.968869,0.7533472999999999,0.24665270000000006
22,BSR,244101969.0,3100499616.0,2.25,50228093779200.0,9068058.0,5.61e-06,0.92126451,0.0056,3.4758918033804687,0.3004593165285821,0.9902128213333462,4660.67441577,19.987886,32.664162000000005,0.92687012,0.07312987999999998
23,VIB,1566355748.0,2107672945.0,1.11,44261131845000.0,4382746.0,0.11349032,0.16816171,0.205,5.461819473921142,1.3060181543470364,1.4166431968913638,4018.06505136,2.596523,29.745353,0.48665203,0.51334797
24,PLX,16100837.0,1270592235.0,0.92,47901327259500.0,849911.0,3.696e-05,0.99138353,0.1805,33.73414006975483,0.1642200236364881,1.9596960571349096,1165.03387511,2.136015,5.280347,1.17192049,-0.17192048999999998
25,TPB,1104317106.0,1581755495.0,1.04,37171254132500.0,7792016.0,0.07498176,0.3888182,0.2999,5.937127056543807,1.463013808011152,1.1529884356555977,3958.14335388,2.0148699999999997,21.505176000000002,0.7636999600000001,0.23630003999999993
26,STB,1743998156.0,1885215716.0,1.65,45810741898800.0,20706860.0,0.03350416,0.06133494,0.2909,9.0881796853001,1.001967571264136,1.1859773382013465,2673.80276815,0.9056949999999999,13.831281,0.3857391,0.6142609
27,HDB,1797438712.0,2515261400.0,0.92,44017074500000.0,2474515.0,0.14012596,0.17598503,0.1862,5.6797727552774795,1.0243881612721364,1.1911464201340538,3081.10918412,1.959779,22.879768,0.50231099,0.49768901
28,HVN,177837713.0,2214394174.0,1.25,28787124262000.0,1836135.0,0.00011804,0.92683994,0.0593,-2.7540541789094553,0.4078734709280327,-2.7749269049419367,-4720.31381937,-16.90868,216.07356800000002,0.9862579800000001,0.01374201999999991
29,BVH,95283449.0,742322764.0,1.05,36299583159600.0,591291.0,0.0005095,0.87143421,0.2731,25.3219217182099,0.9510123288902474,1.8802719815606899,2059.07924857,0.8237360000000001,7.2809349999999995,1.14504371,-0.14504370999999994
30,SHB,2677808806.0,3066887010.0,1.53,30546194619600.0,18455030.0,0.02686102,0.11786952,0.06,4.558751903641985,0.7322071334633479,0.8215929578952538,2512.52979809,1.456705,19.685435000000002,0.20473054000000002,0.79526946
31,THD,340833696.0,350000000.0,0.65,13545000000000.0,61108.0,,,0.0075,49.889038385798344,3.2939852857674374,2.2700659649699735,775.72150621,2.875442,4.413959,,
32,DGC,229935229.0,379778413.0,1.47,19216787697800.0,2602351.0,0.22092929,0.07067751,0.1578,3.6105421385486585,1.0617193587014173,1.8554070286027395,14660.34606533,50.995524,64.866591,0.4494068,0.5505932
33,EIB,1408947435.0,1475319484.0,0.59,28252368118600.0,3152448.0,0.00935464,0.03955962,0.0797,9.59088481782045,2.125969991940974,1.3795168987116646,2396.02502131,1.679079,15.396664,0.12861425999999998,0.87138574
34,MSB,1858078188.0,2000000000.0,1.14,24400000000000.0,2185268.0,0.01047822,0.15776786,0.2998,6.871430381817138,1.743128018884809,1.190065370305798,2308.1075,2.213697,18.960961,0.46804608000000003,0.53195392
35,SSI,1104838862.0,1489138669.0,1.9,28293634711000.0,18646076.0,0.0144283,0.27454344,0.4356,16.649975542462283,3.7597313963901975,1.26970651492187,1141.14281739,3.299028,9.284895,0.72457174,0.27542826
36,OCB,1018536117.0,1369882863.0,0.89,23082526241550.0,975998.0,0.1064794,0.16132481,0.2154,6.576693374650778,1.5193556774075252,0.9133539712895211,2562.07778592,1.854628,14.910575000000001,0.48320421,0.51679579
37,DIG,423229731.0,609851995.0,1.83,8415957531000.0,14245250.0,0.19677915,0.1625753,0.0493,55.15754469509794,3.971394001225818,1.0923212226032757,250.19242746,0.9659960000000001,1.979091,0.40865445,0.59134555
38,KDH,383835316.0,716829995.0,1.65,18637579870000.0,2257343.0,0.06019079,0.43688295,0.3682,16.910018539133954,6.064466304336281,1.580243915037134,1537.55005885,6.122339,10.012682,0.86527374,0.13472626
39,POW,439900018.0,2341871600.0,1.31,28102459200000.0,8353580.0,5.983e-05,0.85250737,0.0595,14.83976660430796,0.9953046291885905,0.8496761803637436,808.63805476,3.455118,5.896559,0.9120672,0.08793280000000003
40,PDR,283023222.0,671646219.0,0.83,7085867610450.0,13365318.0,0.47796144,0.10693957,0.0401,6.185654287216573,4.334989366930207,0.7650641977160626,1705.55926829,5.279296,13.156412000000001,0.6250010100000001,0.3749989899999999
41,DPM,103933357.0,391334260.0,1.15,14009766508000.0,1856963.0,0.00060858,0.77254275,0.1856,2.7641801449985968,0.8289585785293233,1.1681731035403837,14274.65817134,35.282354999999995,45.137274,0.9587513299999999,0.0412486700000001
42,REE,122459353.0,355402569.0,0.89,24878179830000.0,390336.0,0.1415439,0.46112179,0.49,9.248976873524034,2.525575148701779,1.2998212404156655,7568.4046957,8.181359,15.124501000000002,1.09266569,-0.09266569000000002
43,KBC,481653534.0,767604759.0,1.53,17155966363650.0,5908310.0,0.19859837,0.22336787,0.1965,11.08760117803361,15.793516098309727,0.9603245169757606,2015.76514533,4.7219999999999995,9.092156,0.6184662400000001,0.38153375999999994
44,PNJ,257672325.0,327999629.0,0.57,26567969949000.0,320298.0,0.06050615,0.10442538,0.49,14.803706287721841,0.5793335682846736,3.366511992221081,5508.5314504,15.094294999999999,24.749898,0.65493153,0.34506846999999996
45,GEX,577820389.0,851495793.0,1.82,10217949516000.0,14577296.0,0.25695757,0.17254682,0.113,26.910305471071133,0.3184160356941035,0.5008421105937053,445.92581875,0.66855,1.827264,0.5425043900000001,0.45749560999999994
46,DXG,362284386.0,610031516.0,2.12,6313826190600.0,12391395.0,0.21939527,0.20523691,0.2317,42.42434311756065,1.1234571207261794,0.45245293723558017,243.96370667,0.5042760000000001,1.086254,0.65633218,0.34366781999999996
47,VGC,32655958.0,448350000.0,1.81,15333570000000.0,855670.0,0.00150664,0.95077482,0.0537,8.77762322118477,1.0506642164594666,1.7151601131542162,3896.27113607,7.771004,20.007064,1.00598146,-0.005981460000000105
48,DCM,102645031.0,529400000.0,1.29,13049710000000.0,2793003.0,0.00010524,0.86604941,0.1048,3.0607902983352133,0.819488660931079,1.2341468199005239,8053.47560511,33.749636,47.112751,0.97095465,0.02904534999999997
49,LPB,1548139631.0,1729105369.0,1.68,24380385702900.0,12351358.0,0.02340175,0.08125685,0.05,6.216379337989863,0.8672569597524683,1.1655482878357872,2608.43155129,1.462137,22.078222,0.1546586,0.8453414
50,VHC,73592922.0,183376956.0,0.72,10929266577600.0,508340.0,0.43370135,0.10913891,0.3026,5.676080469496553,0.8445513191943689,1.5173501483570833,10780.20892483,19.459017,29.114097,0.8454402599999999,0.15455974000000006
51,NLG,155810749.0,384080300.0,1.66,10005291815000.0,1660680.0,0.18118281,0.3665865,0.4603,17.09930561853924,2.3251251318929125,0.7644005936880042,1539.63194499,2.3324290000000003,4.405967,1.00806931,-0.008069309999999996
52,IDC,215723699.0,329999929.0,1.88,13100997181300.0,3510793.0,0.00201494,0.36984644,0.0931,5.670946650315349,1.519448729931038,6.199315194564291,7000.59486502,14.082912,40.052769,0.46496138000000004,0.5350386199999999
53,GMD,231770657.0,301377957.0,0.81,15520964785500.0,538570.0,0.01846667,0.07864441,0.488,15.98995686921483,4.063377634786598,2.0710910501208057,3301.62785682,8.319139999999999,13.27739,0.58511108,0.41488892
54,VCS,18780850.0,160000000.0,1.11,8064000000000.0,93115.0,0.04107542,0.84158176,0.0306,7.429828812177452,1.5078200065194147,1.7540837600524686,7179.38940344,17.039498000000002,23.580212,0.9132571799999999,0.08674282000000011
55,QNS,242668885.0,356939955.0,0.84,13884964249500.0,179275.0,0.12765607,0.11546526,0.1949,11.115733690346097,1.728865220166652,1.9153233724170373,3598.68130321,12.757787,17.661535,0.43802133,0.56197867
56,NVB,543800669.0,556803587.0,1.07,10022464566000.0,54978.0,0.02321305,0.02079877,0.0886,1252808.3787824372,1.9657545628258055,1.7387349296384609,0.01436772,9.999999999999999e-06,0.00015999999999999999,0.13261182,0.8673881800000001
57,KDC,129914095.0,257224010.0,0.12,14353099758000.0,967333.0,0.13879171,0.47324909,0.242,40.86218225236842,1.13035528420926,2.6815607121100133,1365.56583433,2.499356,5.037442,0.8540407999999999,0.14595920000000007
58,OIL,147293829.0,1034229500.0,1.89,9514911400000.0,885260.0,1.025e-05,0.85757085,0.0612,17.36386573610933,0.09124439979487381,0.9837054830770572,529.83593284,1.961447,4.870128,0.9187811,0.08121889999999998
59,VCI,238782633.0,435499901.0,1.99,11497197386400.0,6687858.0,0.2886465,0.12154301,0.2274,13.64602259585681,3.2085457212367254,1.8258876923149365,1995.35794108,5.6282760000000005,13.330613999999999,0.63758951,0.36241049000000003
60,HSG,464865270.0,598054986.0,1.87,9090435787200.0,16391473.0,0.18897555,2.028e-05,0.0971,-8.517814313249085,0.19634858319613138,0.9117881095449931,-1784.49534599,-5.48759,-9.946411,0.28609583,0.71390417
61,VND,858891609.0,1217821331.0,1.93,17049498634000.0,26697861.0,0.03010216,0.28835734,0.2362,13.971794629050141,2.1975702837080715,1.1768402141991592,1002.01873644,3.212726,10.028123,0.5546595,0.44534050000000003
62,VPI,107084612.0,241999617.0,0.21,12366180428700.0,561831.0,0.32312553,0.23437537,0.0183,25.682016414778268,5.486692400157138,3.359843604553351,2028.42964438,4.717944,13.726867,0.5758009,0.42419910000000005
63,VCG,180187380.0,485879878.0,1.67,9790479541700.0,8883066.0,9.882e-05,0.62901654,0.0521,11.15002337460632,1.083709405404263,0.9769641556645321,1807.17109938,2.776294,9.947695,0.68121536,0.31878463999999995
64,FRT,42148759.0,118472535.0,1.47,8612953294500.0,952233.0,0.01476246,0.57262707,0.2856,22.06408043607174,0.24458292663980896,4.5882062036361795,3294.94810403,3.6739180000000005,20.938681,0.8729895300000001,0.12701046999999988
65,DGW,100784662.0,167075474.0,1.72,6657957638900.0,909301.0,0.00034826,0.4572326,0.2671,9.503826375515123,0.2286581010181778,2.7537069048809824,4193.04798146,10.601199,32.525746,0.72468086,0.27531914
66,ITA,567334535.0,938321575.0,1.77,3912800967750.0,3472288.0,0.058268,0.33719653,0.0079,-21.84091427943921,-2.482148190112117,0.36038133795911576,-190.92607327,-1.3824370000000001,-1.63688,0.40336453,0.5966354700000001
67,HCM,224091637.0,457211949.0,1.96,10973086776000.0,6155916.0,0.01054842,0.49143523,0.4741,13.152271327488492,2.8738460858597947,1.4224305080170967,1864.53542563,4.282131,11.204352,0.9760836500000001,0.02391634999999992
68,SBT,203943692.0,673188563.0,0.98,9828553019800.0,3263008.0,0.29944223,0.39760596,0.1479,10.145409623639125,0.47554476955373215,1.018686439801285,1439.07447226,3.6676970000000004,9.830316999999999,0.84494819,0.15505181
69,PVS,189453120.0,477966290.0,1.39,12235937024000.0,6373528.0,0.00027146,0.57816316,0.2007,17.051668286839078,0.7455182615130196,0.9580716055126298,1501.31937646,2.8350779999999998,5.656298,0.77913462,0.22086538
70,HDG,101309637.0,244605898.0,1.79,7105801336900.0,1730510.0,0.3885744,0.18713958,0.2019,6.338289423906795,1.7789759372031813,1.1191718829630968,4583.25552166,7.171226,18.485957,0.7776139799999999,0.22238602000000007
71,TCH,354141769.0,668215843.0,1.62,4891339970760.0,5719155.0,0.45480474,0.0316758,0.0321,29.087170247584016,2.0860405553318953,0.4947013589216713,289.88377565,1.351474,1.639412,0.51858054,0.48141946
72,CEO,172908720.0,257339985.0,2.97,5352671688000.0,9890285.0,0.27862932,0.05383462,0.026,19.234050588252327,2.0999116082605553,1.458100527442653,1081.41547744,3.9444489999999996,7.673306,0.35846394000000004,0.64153606
73,VGT,137533000.0,500000000.0,2.26,5900000000000.0,493830.0,0.0500578,0.7113762,0.1309,9.09375052938392,0.3212747898913667,0.6231538296330699,1297.59442618,3.2130989999999997,6.862401,0.8923340000000001,0.10766599999999993
74,BWE,50542061.0,192920000.0,0.76,8864674000000.0,83363.0,0.07677503,0.6706385,0.1852,12.282484055518376,2.6185840022953415,2.0577525603374225,3849.90147364,7.793124999999999,17.552124,0.93261353,0.06738646999999998
75,PHR,38184056.0,135499198.0,1.55,5494492478900.0,557826.0,0.00377069,0.72201,0.1355,6.7745867427930495,3.517426492032638,1.74929955797502,6546.97470848,14.372150999999999,27.106279999999998,0.8612806900000001,0.13871930999999993
76,HAG,606751487.0,927399283.0,1.32,7224440414570.0,16020070.0,0.34572386,7.403e-05,0.0232,6.121258549443084,1.4217736064694606,1.4510436489141019,1272.61410984,6.148411,23.809894,0.36899789,0.6310021100000001
77,PC1,148121669.0,270433002.0,1.57,7382820954600.0,2206668.0,0.257103,0.22820737,0.0602,18.86711892527929,0.908151912280228,1.3818803493461471,1664.006048,2.2337320000000003,6.745273,0.54551037,0.45448963
78,SJS,62488954.0,113897480.0,0.64,5102607104000.0,51155.0,0.08412885,0.3718055,0.0086,42.633165293130084,13.434600646574928,1.9818581514949756,1050.82509572,1.7439900000000002,5.013845,0.46453435000000004,0.5354656499999999
79,BCG,363952538.0,533467622.0,1.8,3419527457020.0,4551936.0,0.25693635,0.16993575,0.0192,9.969957548073499,0.703543054758091,0.2550740153469365,642.93152394,0.839662,3.096771,0.44607209999999997,0.5539279
80,PVD,213802830.0,555880006.0,1.35,11562304124800.0,5693088.0,0.00014378,0.61612017,0.2317,-120.83348024210737,1.9372603668877615,0.8311128509043445,-172.13772175,-0.46179200000000004,-0.685583,0.84796395,0.15203604999999998
81,TVN,41131666.0,678000000.0,1.87,3661200000000.0,225320.0,3.584e-05,0.93929799,0.0008,-4.404371120072352,0.09515262886945884,0.40735855881078165,-1226.05471991,-3.281254,-8.001882,0.9401338300000001,0.05986616999999994
82,HPX,257301807.0,304168581.0,0.15,1329216698970.0,14951405.0,,,0.0058,9.46244437697493,0.8131865676078642,0.3639199983640304,461.8257002,1.4887080000000001,3.913001,,
83,NAB,767641301.0,846434661.0,1.61,8125772745600.0,103740.0,0.00913494,0.27304483,0.0003,5.92756610886183,0.6232852448190784,0.826873771762753,2084.74213227,1.0668149999999998,17.070183999999998,0.28247977,0.71752023
84,NKG,184769356.0,263277806.0,1.79,3949167090000.0,11695186.0,0.18657232,0.17940684,0.1058,-59.21215474042128,0.1592141430233395,0.7751529779295604,-253.32636628,-0.46124699999999996,-1.201625,0.47177916000000003,0.5282208399999999
85,HNG,646760715.0,1108553895.0,1.32,4633755281100.0,4211073.0,0.04578938,0.45970898,0.0222,-1.1945261092317878,6.575508925660478,1.5266391245958586,-3499.29563506,-29.051782999999997,-85.804558,0.52769836,0.47230163999999997
86,MBS,74870984.0,380562677.0,2.28,5137596139500.0,2458298.0,0.00590208,0.79767297,0.0079,9.991325663536495,2.1476059867504325,1.1599715906595147,1351.1720521,4.741744,13.023504999999998,0.8114750500000001,0.1885249499999999
87,HUT,301055750.0,348631965.0,2.0,5159753082000.0,2046115.0,0.00585173,0.06142625,0.0153,37.11302742161352,4.779078464971241,1.3863963210801058,398.78180327,1.2386650000000001,3.62265,0.08257798,0.9174220200000001
88,QTP,58577012.0,450000000.0,1.01,6660000000000.0,369343.0,2.22e-06,0.94730343,0.0087,8.93729265271779,0.6609276317886549,1.1162058392205747,1711.92782812,9.141732,12.589945,0.95600565,0.04399434999999996
89,KOS,72595170.0,216481335.0,0.2,8139698196000.0,383071.0,0.54825126,0.16491029,0.0015,374.69539531467365,6.058755574667344,3.561870170960661,100.3481774,0.498644,0.955137,0.71466155,0.28533845
90,ABB,481227430.0,940947082.0,1.89,7433481947800.0,1110728.0,0.01316411,0.4811091,0.2461,5.480799237756145,0.6528166093175012,0.569455983615448,1441.39561719,1.0802749999999999,10.945346,0.74037321,0.25962679
91,FTS,57214739.0,195059951.0,2.02,3589103098400.0,1530318.0,0.02924428,0.70441918,0.2502,11.262965041358234,3.5413245713040724,1.0779814730037924,1633.67283237,4.322641,10.067306,0.98386346,0.016136539999999977
92,HT1,55962443.0,381589911.0,1.45,5742928160550.0,886770.0,0.02832828,0.86694957,0.031,21.965718280169167,0.6439633624268479,1.1458818669829465,685.15856427,2.873981,5.081239,0.92627785,0.07372215000000004
93,SGP,17579708.0,216294961.0,1.96,2660428020300.0,53626.0,0.00080168,0.91792177,0.0003,13.306110521346797,2.3938303266179646,0.9996946068251896,924.38733169,3.6963959999999996,7.615856999999999,0.91902345,0.08097655000000004
94,CII,172044229.0,252222143.0,1.75,3316721180450.0,4155950.0,0.02610038,0.41844264,0.0862,4.3266071756351545,0.5691610012776394,2.1771080545562653,3039.33300764,2.578245,9.175315000000001,0.53074302,0.46925698000000005
95,PVT,120803194.0,323651246.0,1.4,6262651610100.0,2195745.0,0.00056127,0.59489526,0.1842,7.480508142283241,0.6921942230301191,0.7810457551364781,2586.7226707,6.261706,11.17629,0.77965653,0.22034346999999999
96,GEG,59116611.0,386136902.0,1.34,5521757698600.0,1225031.0,0.00892061,0.93745005,0.4642,17.490886917882317,2.154727418240978,0.9858855846586911,817.56860399,2.133724,6.7402359999999994,1.41057066,-0.4105706600000001
97,CMG,57603082.0,150596032.0,1.21,6106669097600.0,49235.0,0.0333439,0.65300504,0.4264,18.755493037369185,0.6408072981501778,2.314501917575925,2162.03327309,5.040563,11.492837999999999,1.11274894,-0.11274893999999991
98,NT2,64314680.0,287876029.0,0.93,8405980046800.0,640236.0,0.00065207,0.7759369,0.1635,11.815534732614815,0.9808095958011593,1.9416554067655667,2533.46434624,10.486841,16.778941,0.94008897,0.059911029999999976
99,HDC,61706991.0,108085693.0,1.45,3247975074650.0,1045715.0,0.16122554,0.0551127,0.0128,7.74218700054303,2.2681528476202,1.7435430010594328,3881.33223828,10.233545,25.061594,0.22913824000000002,0.77086176
100,CRE,156010518.0,463678426.0,0.83,3074187964380.0,300526.0,0.05511693,0.62658592,0.0113,15.644997393857397,0.5724746375831773,0.5545579424001579,423.77763531,2.819619,4.3386309999999995,0.69300285,0.30699715000000005
101,SHS,689176019.0,813156748.0,2.3,6749201008400.0,18990786.0,0.0331089,0.07391467,0.0675,41.60624572781336,3.3973824707265603,0.7155403577038288,199.48927991,1.4875040000000002,2.094267,0.17452357000000002,0.8254764299999999
102,SCR,228343871.0,395661775.0,1.95,2765675807250.0,4961226.0,0.10139213,0.42623687,0.0051,59.5417971083327,3.14234171390022,0.6134272764505615,126.78824568,0.514818,0.9932810000000001,0.532729,0.467271
103,PPC,48010108.0,320613054.0,0.74,4713011893800.0,88285.0,0.00027637,0.85255945,0.1294,12.64687240726372,0.9212662612865758,0.9353304974216365,1162.3427142,6.719550000000001,7.532465000000001,0.98223582,0.01776418000000002
104,IDI,98872321.0,227644608.0,1.48,2663441913600.0,5039580.0,0.05341596,0.5122565,0.0087,4.903546783331241,0.3358468927888373,0.8292782458409992,2386.02801543,6.9344920000000005,16.699816000000002,0.5743724600000001,0.4256275399999999
105,SZC,42569900.0,100000000.0,1.77,2750000000000.0,1126160.0,0.005101,0.5752741,0.0364,13.933458732756472,3.201812336899312,1.7924975381117967,1973.66644761,3.302829,13.158489000000001,0.6167751,0.3832249
106,ANV,33980932.0,127127875.0,1.47,4131655937500.0,1473303.0,0.73033728,0.00322841,0.0598,6.162372008273537,0.873070118738581,1.6897933384012045,5457.06623624,13.399448,26.591542,0.7933656899999999,0.2066343100000001
107,DHC,39629873.0,80493048.0,0.52,3042637214400.0,253708.0,0.24747735,0.19060671,0.3456,9.504571973271142,0.7988551590962425,2.0526927376258017,4698.54981843,14.315627000000001,21.933352,0.78368406,0.21631593999999998
108,L14,21740887.0,30859315.0,2.81,1478161188500.0,552705.0,0.10229195,0.19643692,0.0009,77.8442509090599,7.851629091926015,3.6574362862440344,615.33124721,2.195767,3.281465,0.29962887,0.70037113
109,PTB,39977120.0,68038403.0,0.77,2837201405100.0,266015.0,,,0.1326,5.957581505727486,0.3735293937490783,1.0596883456996904,7158.56379482,9.130986,18.905867,,
110,VSC,109920334.0,121269397.0,0.3,3759351307000.0,233896.0,0.00109624,0.20329188,0.0327,11.961272472161605,1.7892616352244943,1.1765178238163012,2591.6975031,8.234877000000001,10.142874,0.23708812,0.76291188
111,PAN,117975788.0,208894750.0,1.57,3363205475000.0,1972633.0,0.01490194,0.57656473,0.1357,9.267687610543918,0.24615702924332672,0.5949192482217012,1737.21867596,2.335377,4.704015,0.7271666699999999,0.2728333300000001
112,HBC,157009087.0,274133270.0,1.68,2330132795000.0,3496736.0,0.18774686,0.20713874,0.1563,-2.060679887882524,0.15269899815647908,0.898663817212807,-4124.85221503,-6.750288,-33.756181000000005,0.5511855999999999,0.44881440000000006
113,TCM,31153981.0,81946677.0,0.64,4195669862400.0,609771.0,0.16947271,0.45081892,0.4713,15.019676834557755,0.9130665603177046,2.331656606905323,3408.86162625,7.887247,15.151352000000001,1.09159163,-0.09159162999999992
114,ASM,175001988.0,336526752.0,1.46,2850381589440.0,3947411.0,0.37660779,0.00233117,0.0275,5.049220993950467,0.22989274264443113,0.4974990646129915,1875.61481503,3.386234,8.188385,0.40643896,0.59356104
115,BMP,16701473.0,81860938.0,0.79,4919842373800.0,111533.0,0.00782145,0.70609099,0.8525,7.447306948794166,0.8928554371519545,1.9823347172219983,8506.62982656,23.694509999999998,28.325853000000002,1.5664124400000001,-0.5664124400000001
116,DVN,44448500.0,237000000.0,0.2,3981600000000.0,37293.0,6.33e-06,0.88122363,0.0004,46.00364772085172,0.718634888017366,1.4981479513479257,365.18843249,1.486928,3.00297,0.88162996,0.11837003999999995
117,OGC,300000000.0,300000000.0,1.17,2550000000000.0,1028720.0,0.0,0.0382408,0.0015,64.22174625259721,2.5231476009027887,2.5314321137152542,132.35392209,1.3402020000000001,3.8164330000000004,0.0397408,0.9602592
118,SAM,368086074.0,379960971.0,0.86,2237970119190.0,1007320.0,0.0,0.0370239,0.007,789.5042335901444,1.0663651064432098,0.509056656541303,7.7587931,0.039890999999999996,0.064087,0.0440239,0.9559761
119,IJC,126513723.0,251832509.0,1.81,3487880249650.0,2716088.0,2e-06,0.49762552,0.0632,6.762220125068364,1.771646205705289,0.9173322525227119,2375.84694122,7.740547,14.398001999999998,0.56082752,0.43917248
120,AAA,161133508.0,382274496.0,1.47,3329610860160.0,3198881.0,0.00654242,0.54965667,0.0261,21.39153975905907,0.20130015404315343,0.5467182260580224,407.17031584,1.497302,2.6785579999999998,0.58229909,0.41770091
121,MSH,25551390.0,75014100.0,0.68,2505470940000.0,75580.0,0.45752519,0.12786456,0.0354,7.569420690547922,0.4154434275346449,1.5684798638578519,4715.54660572,10.930885,22.019038,0.62078975,0.37921024999999997
122,VPG,52851095.0,80198336.0,1.16,970399865600.0,2498420.0,,,0.0084,15.51828825515348,0.16791961854914816,0.6716125583231083,779.72517336,1.495748,5.223902,,
123,PET,66007862.0,98819297.0,1.79,2124614885500.0,866498.0,0.05778252,0.29276411,0.015,15.72592714815203,0.12027236506544396,1.1470384847885027,1503.88589348,1.5398939999999999,6.816443,0.36554663000000004,0.6344533699999999
124,CTD,31715006.0,73859473.0,1.67,2585081555000.0,375271.0,0.03535982,0.59274053,0.492,124.80960594156667,0.17782834921971274,0.31903744584345406,280.42713328,0.12595099999999998,0.251644,1.12010035,-0.12010034999999997
125,FMC,15014557.0,65388889.0,0.84,2318036115050.0,53715.0,0.02016889,0.79064061,0.3135,7.482635092528432,0.4065333792272552,1.0974979313263697,4737.63581434,10.892362,15.143777,1.1243094999999999,-0.12430949999999985
126,VIX,581658431.0,582139189.0,1.99,3946903701420.0,13105625.0,0.00082585,0.01092523,0.0616,12.650925028763128,2.969739949903869,0.5019823376743806,535.92918973,4.845376,5.367605999999999,0.07335108,0.92664892
127,BMI,29561745.0,109623985.0,1.44,2850223610000.0,239801.0,0.0003157,0.73416537,0.3408,9.750278822983026,0.6340612954596275,1.248032308225312,2666.59040957,4.085336,12.072534,1.07528107,-0.07528106999999995
128,TDM,74449762.0,100000000.0,0.52,3730000000000.0,107315.0,0.03799421,0.26161717,0.0729,17.532252190210873,8.068117434334669,1.941304636579343,2203.90981962,9.164326,11.338346000000001,0.37251138,0.62748862
129,MIG,47596296.0,164450000.0,1.53,2433860000000.0,757888.0,0.00158089,0.72717232,0.1178,15.270762210957598,0.6055901073635804,1.2975579574893739,969.17231737,2.109248,8.705553,0.84655321,0.15344679000000006
130,TTF,273297491.0,393532487.0,1.36,1703995668710.0,1939978.0,0.04038154,0.1611031,0.004,159.85667526645247,0.8441737510258857,4.735878835388699,27.08676377,0.36229,2.32599,0.20548464,0.79451536
131,HTN,16330730.0,89116411.0,1.32,1096131855300.0,420883.0,0.23934598,0.52472753,0.0069,13.325248604512094,0.21363748147138265,0.7833673909518915,983.0961049,1.046632,5.818574,0.77097351,0.22902648999999997
132,HAH,43003838.0,70344667.0,1.26,2497235678500.0,1976345.0,0.03611584,0.3894515,0.1132,3.0382320120599493,0.6929411017411276,0.866058047543593,11684.42694932,19.849323,34.326398000000005,0.53876734,0.46123265999999996
133,DPG,41309247.0,62999554.0,1.75,1845886932200.0,790008.0,,,0.0167,4.708850522924028,0.5560980411317026,0.8330666124997631,6222.32535464,6.479177999999999,19.602921000000002,,
134,DRC,52585847.0,118792605.0,1.17,2666893982250.0,246170.0,0.00527495,0.55205569,0.0849,8.85089418386879,0.5573526059008951,1.4301799892955496,2596.71550454,9.4102,16.742053000000002,0.64223064,0.35776936000000004
135,TVS,55997644.0,109175184.0,0.63,2489194195200.0,20641.0,0.36180403,0.12528047,0.2829,25.955427710763683,2.3323290423130563,1.3717280706971642,878.42898426,1.128482,5.304246,0.7699845000000001,0.23001549999999993
136,APH,159116268.0,243884268.0,1.35,1755966729600.0,1861235.0,0.07508584,0.26236753,0.3014,-128.03607016235236,0.09910939157727577,0.28462179825474626,-56.23415332,-0.110286,-0.22484200000000001,0.6388533700000001,0.3611466299999999
137,GIL,56238649.0,69999286.0,1.27,1340486326900.0,1064951.0,0.14649551,0.07634873,0.0268,3.652426059221903,0.3489502024402427,0.5320649707114141,5243.09039786,9.329936,17.551128,0.24964424,0.75035576
138,DPR,16846120.0,43000000.0,1.17,2261800000000.0,85890.0,0.00021395,0.61755302,0.0284,9.863885885360622,1.93404226543552,0.7945276755408042,5572.25069119,5.865197,8.380003,0.64616697,0.35383303
139,DDV,52571264.0,146109900.0,2.16,1212712170000.0,907426.0,0.00019369,0.70083366,0.0004,3.590582584716404,0.3918998608881645,0.7412750606125653,2442.94364549,18.007407999999998,22.420841,0.70142735,0.29857265
140,LDG,201447140.0,256207345.0,1.91,1152933052500.0,3790810.0,0.07419258,0.14188279,0.0044,307.82073604066557,4.192745247423424,0.37703896965585937,15.64222106,0.05426400000000001,0.12301300000000001,0.22047536999999998,0.77952463
141,DBC,164298597.0,242001859.0,1.61,3291225282400.0,4173120.0,0.28531472,0.06141626,0.0648,21.928829224659445,0.22933773316671882,0.6876590965573753,620.1881487,1.283397,3.169043,0.41153098,0.58846902
142,DBD,59116542.0,74843474.0,0.12,3143425908000.0,100426.0,0.02607978,0.19390371,0.0884,12.887311751640786,1.8185004876452775,2.426778260929479,3259.01947663,14.116317,19.544750999999998,0.30838349,0.69161651
143,AGG,47499574.0,125118368.0,0.17,3665968182400.0,72245.0,0.07305158,0.50613635,0.0487,-177.77015552889674,0.32540334228040785,1.4806643103804527,-181.30152333,-0.191724,-0.839966,0.62788793,0.37211207
144,QCG,133152401.0,275129141.0,1.39,1086760106950.0,161591.0,0.37288564,6.1e-07,0.0062,43.72613503032977,0.8530238947143003,0.25313241369659656,90.33499067,0.25148000000000004,0.5747760000000001,0.37908625,0.6209137499999999
145,AGR,54006108.0,215391262.0,1.78,1669282280500.0,567006.0,2.125e-05,0.74924389,0.0028,11.589394599019228,4.544717401230366,0.6850709806966222,679.42763815,5.278882,5.907978,0.75206514,0.24793485999999998
146,LTG,29184032.0,80593340.0,1.85,2176020180000.0,158041.0,0.03756297,0.60032235,0.3963,5.619586261872129,0.19854285539285318,0.8238505883212848,5124.93245211,4.96906,13.345937999999999,1.03418532,-0.034185319999999964
147,FCN,50810589.0,157439005.0,1.73,1763316856000.0,3075871.0,0.04268838,0.61475159,0.3299,61.401378689430494,0.5793643214251596,0.5135221086513826,182.40632766,0.381332,0.8984880000000001,0.9873399700000001,0.012660029999999933
148,TNG,44443113.0,105117758.0,1.92,1934166747200.0,2090188.0,0.39971647,0.15331507,0.1051,6.820496049527586,0.27539046403191575,1.124815749957841,2774.82959433,5.948011,17.936902,0.65813154,0.34186846000000004
149,TCD,108350402.0,244418304.0,1.68,1417626163200.0,560656.0,0.03174563,0.56382311,0.0038,4.277562533645508,0.42937968199072624,0.3888027873697225,1355.91238103,4.238091,13.482777000000002,0.59936874,0.40063126000000004
150,POM,120278691.0,278543546.0,0.93,1504135148400.0,173051.0,0.04470539,0.52523073,0.0793,-1.255542390720952,0.11670806139644588,0.5972255318047408,-4300.93005215,-9.210382000000001,-38.572773999999995,0.64923612,0.35076388000000003
151,KSB,42761250.0,76295802.0,1.69,1831099248000.0,2216538.0,0.07928268,0.36270376,0.1064,12.019250788313823,2.1270372290633612,0.9433602148926253,1996.79667416,3.7031599999999996,8.170982,0.54838644,0.45161355999999997
152,HQC,441486913.0,476599274.0,1.73,1858737168600.0,8016496.0,0.0736726,0.00964132,0.006,102.899039845339,6.736854892697446,0.42650229240251436,37.90122829,0.21811399999999997,0.415294,0.08931392,0.91068608
153,FIT,236504955.0,339933034.0,1.49,1403923430420.0,1736603.0,8.413e-05,0.30417602,0.0004,29.249478931651886,0.6653024119282668,0.24723139728979004,141.19909656,0.744787,0.9167669999999999,0.30466015,0.69533985
154,VDS,77115738.0,210000000.0,1.53,1551900000000.0,263515.0,0.3012822,6.66e-06,0.0137,-17.49647932516557,1.34496669456965,0.747429174526474,-422.37068742,-2.140578,-4.757479,0.31498886,0.6850111400000001
155,PLC,16849900.0,80797566.0,1.62,2650160164800.0,474263.0,0.00072287,0.80180028,0.0132,21.061243505622027,0.32624781416532994,2.2610228568591504,1648.97251936,2.821511,10.176599999999999,0.8157231500000001,0.18427684999999994
156,LCG,156203329.0,189640832.0,1.78,2275689984000.0,7622655.0,0.11961895,0.06564697,0.036,11.778802213095284,2.1317614905457942,0.8819736577409096,1018.77931074,3.5936589999999997,7.776469,0.22126592,0.77873408
157,CTS,36102236.0,148701349.0,2.01,1933117537000.0,1467863.0,0.0006742,0.79218887,0.0176,27.2009803381622,1.8619591933562123,1.062165614804639,477.92395121,1.212489,3.877002,0.81046307,0.18953693000000005
158,HHS,157302182.0,321448153.0,1.54,1346867761070.0,1781173.0,2.318e-05,0.51062207,0.0158,6.067062788806461,3.4956774790643492,0.3235627763393338,690.6142471,5.068924,5.4758700000000005,0.5264452500000001,0.4735547499999999
159,TV2,27763810.0,67526165.0,0.99,1438307314500.0,78625.0,0.00972592,0.59928814,0.15,29.109387622176836,1.1972506772291605,1.8025208597314648,1134.79030465,2.047735,5.560285,0.75901406,0.24098593999999995
160,TIG,89470041.0,176006485.0,1.82,1478454474000.0,1098173.0,0.19854892,0.01647667,0.0988,7.96227326546778,1.5987903421087373,0.6548813755010091,1163.43047932,5.197352,9.10363,0.31382559,0.68617441
161,VOS,68496830.0,140000000.0,1.48,1331400000000.0,1209775.0,0.00073693,0.55929329,0.0085,2.7424749184420985,0.5521740153978093,0.8760834083433374,3467.67072911,17.898598,38.269016,0.56853022,0.43146978
162,CSV,13751546.0,44200000.0,1.2,1255280000000.0,270196.0,0.00032014,0.69079941,0.0624,3.6646490618369403,0.6151285452330305,0.9080588873429416,7991.14313787,22.241681,27.303728,0.75351955,0.24648044999999996
163,SHI,80249048.0,161857589.0,0.21,2282192004900.0,795530.0,0.09908147,0.07391199,0.0012,39.174440084546184,0.2725852177977843,1.172930854563422,359.92856489,0.8804569999999999,3.503608,0.17419346,0.82580654
164,PSH,38458505.0,126169780.0,1.07,883188460000.0,933141.0,0.69503576,0.00021395,0.0,-4.421662924538754,0.12007360690857417,0.9928781387545014,-1583.11479628,-2.003866,-11.70557,0.69524971,0.30475029
165,LHG,20134434.0,50012010.0,1.53,1115267823000.0,101446.0,0.01244483,0.60722574,0.1358,5.510339264372311,1.7733708899758025,0.7281366625011276,4046.93775285,6.922076000000001,13.505111,0.75547057,0.24452943000000005
166,SGT,67548783.0,148003208.0,0.77,1790838816800.0,78940.0,0.27842852,0.25193175,0.0563,16.784881069003628,0.7844479394865483,0.9490254255855971,720.88684753,2.150318,7.283807,0.5866602700000001,0.4133397299999999
167,SMC,24059400.0,73606837.0,1.44,813355548850.0,348353.0,0.15985695,0.23723081,0.2031,-1.4202956414811563,0.03211539975746657,0.5113123312890473,-7780.070344,-6.603441999999999,-27.605379000000003,0.6001877600000001,0.39981223999999993
168,BCC,33041778.0,123209812.0,2.02,1503159706400.0,875006.0,0.00035727,0.73146784,0.0119,21.738322682947572,0.35634106664509885,0.7114804172703555,561.22085305,1.733991,3.2608390000000003,0.74372511,0.25627489000000003
169,TNH,31198068.0,51874998.0,0.89,1958281174500.0,110251.0,0.24495288,0.15363856,0.4241,13.876919814828215,4.166928603165319,2.2261040438944883,2720.34432019,10.530605,16.586772,0.82269144,0.17730855999999995
170,EVS,63431745.0,103000400.0,1.01,957903720000.0,137921.0,0.1899862,0.27376302,0.0004,12.614725282713135,1.0578133076306677,0.5015010137381744,737.23365286,2.6805369999999997,4.006888,0.46414922000000003,0.53585078
171,BVS,28811926.0,72200145.0,1.77,1263502537500.0,125948.0,0.00148166,0.59964868,0.0772,9.218044148202289,1.5468416805965342,0.5993071651606156,1987.78928769,2.9878430000000002,6.589639999999999,0.6783303400000001,0.32166965999999986
172,TTA,50322014.0,157462937.0,0.71,1464405314100.0,498825.0,0.21152789,0.23259416,0.003,6.563316056319621,1.734741315782664,0.7573572995722406,1416.9666553,4.767947,12.081138,0.44712205,0.5528779500000001
173,BFC,16982525.0,57167993.0,1.08,943271884500.0,94486.0,0.0029471,0.69998942,0.0437,6.844563686860053,0.11385406144162978,0.873104458218723,2496.25828593,3.504947,10.518241,0.7466365199999999,0.2533634800000001
174,CKG,81186353.0,95259361.0,1.05,2000446581000.0,309695.0,0.1477336,0.05629797,0.0003,9.416069765013217,1.2652053057069814,1.640393251797134,2453.2528514,4.3732310000000005,18.923426,0.20433157,0.79566843
175,NTL,41909474.0,60989950.0,1.53,1012433170000.0,453061.0,,,0.0828,9.271282437720293,2.3053951850525176,0.8031228109752863,1790.47506227,6.216311,8.772264999999999,,
176,CSC,8654900.0,25553740.0,2.2,848384168000.0,115311.0,0.37822675,0.09999014,0.0005,3.208013240027676,0.46405637201336036,1.0683566681068186,10349.0844694,11.12659,43.317291000000004,0.47871689,0.5212831099999999
177,C4G,195478964.0,224718202.0,2.89,2516843862400.0,2428516.0,0.02637995,0.1737816,0.0005,15.718039972944899,0.8731268416113991,1.0059759055070228,712.5570376,1.969875,8.441324999999999,0.20066155000000002,0.79933845
178,CMX,42846995.0,101898990.0,1.44,896711112000.0,1004823.0,0.22171456,0.12620575,0.1297,12.42225265129268,0.2899014105874988,0.6619736935557209,708.40613591,2.704451,5.3560669999999995,0.47762031000000005,0.52237969
179,TSC,102881702.0,196858925.0,1.41,708692130000.0,1306893.0,0.0,0.41073689,0.0019,-16.763974686672036,0.7424362329831993,0.30260474162003226,-214.7462083,-1.7134219999999998,-1.913279,0.41263689000000003,0.58736311
180,CTF,46309518.0,76017542.0,0.17,2618804321900.0,693816.0,0.21976007,0.08839719,0.01,24.055561150901582,0.4054798189914047,3.129359522141914,1432.10128352,5.022143,12.540161,0.31815726,0.68184274
181,LAS,34033799.0,112856400.0,1.64,947993760000.0,255860.0,0.00027128,0.70538853,0.0003,10.775815517392717,0.30039899689332766,0.7058726684939168,779.52336753,3.845312,6.572450000000001,0.70595981,0.29404019000000003
182,DCL,30638403.0,73041030.0,0.26,1829677801500.0,88286.0,1.5e-07,0.58053146,0.0132,16.38895663415863,1.730377711431772,1.3348748154842702,1528.46825818,5.745281,9.25203,0.59373161,0.40626839000000003
183,TDC,39089554.0,100000000.0,1.48,989000000000.0,887310.0,0.00209946,0.6597615,0.0087,29.314632903518667,0.4118917449686386,0.8815665626090468,349.54746674,0.770136,2.789022,0.6705609600000001,0.3294390399999999
184,APG,134222242.0,146306612.0,1.71,939288449040.0,2722068.0,,,0.0068,-4.5166074024516,5.091330702980859,0.6148636216874732,-1421.42086481,-15.072082,-16.375761,,
185,IBC,42958461.0,83150661.0,-0.01,232821850800.0,1751463.0,0.0631222,0.42024388,0.0042,-2.573291486132658,0.233415168351933,0.20791278596858984,-1088.1005961,-1.9617019999999998,-5.888556,0.48756608,0.51243392
186,DLG,204772972.0,299309720.0,1.71,691405453200.0,1636210.0,0.2568516,0.05899764,0.0152,-0.7708667328143378,0.5134953755867173,0.5004917738311208,-2996.62691574,-13.828814000000001,-48.122696,0.33104924,0.66895076
187,APS,51590220.0,83000000.0,2.81,763600000000.0,1638000.0,0.15416482,0.27385181,0.013,-1.7058389530193634,1.813144579895881,0.7968258916629395,-5393.24065951,-34.578631,-37.73051,0.44101663,0.55898337
188,NRC,48978735.0,92597762.0,0.95,370391048000.0,2360850.0,0.03274204,0.13446531,0.051,56.00661138893185,1.8493922867766865,0.28471654742522623,71.42013953,0.30119999999999997,0.5257689999999999,0.21820735,0.78179265
189,D2D,10285813.0,30259742.0,0.93,665714324000.0,33528.0,0.00815374,0.63735807,0.0401,28.953432902342644,4.469034073926061,0.6617250948382142,759.84081315,1.329283,2.186507,0.68561181,0.31438818999999996
190,ACL,17244910.0,50159019.0,1.2,634511590350.0,118651.0,,,0.0287,5.350867246839693,0.5437158168664997,0.8161344243871238,2364.10275502,8.06339,15.486151000000001,,
191,TLH,61942530.0,102110621.0,1.56,714774347000.0,579150.0,,,0.0148,140.39511073980515,0.1433010201115126,0.42024992925095583,53.22361045,0.129471,0.283843,,
192,G36,53608104.0,101756575.0,2.83,742822997500.0,466491.0,0.20569755,0.31716937,0.0,31.023928082255612,0.5618408898910098,0.6952074341848299,235.30224737,0.48280900000000004,2.199657,0.52286692,0.47713308
193,IDJ,124783839.0,173490193.0,2.71,1439968601900.0,2396175.0,0.04754914,0.24568158,0.0073,10.439313883214888,1.471039299800946,0.7532050838459996,795.07140918,3.2995780000000003,9.420962,0.30053072,0.69946928
194,TVB,52569776.0,112097019.0,1.72,429331582770.0,458905.0,0.0263244,0.50475158,0.0208,24.711073998384244,2.792489083176423,0.35682933674470935,154.99123997,1.106253,1.3509719999999998,0.55187598,0.44812401999999996
195,TVC,93409073.0,118610670.0,1.96,569331216000.0,654410.0,0.0773972,0.16824509,0.002,-1.6651820080808206,3.7003854577944972,0.27959687594908517,-2882.5677774,-11.113899,-15.174178999999999,0.24764229000000001,0.75235771
196,SBS,116423990.0,146607600.0,3.3,733038000000.0,2238431.0,0.0,0.13778276,0.0047,-10.185569859358077,4.90435383121422,2.1459218574208405,-490.89055095,-10.437987,-25.790397,0.14248276,0.85751724
197,HAX,40606087.0,71943434.0,1.3,1158289287400.0,408046.0,,,0.1652,3.8298428021473483,0.12559719506612002,0.9572219027142975,4203.82789366,12.416424,28.515916,,
198,ABS,49237103.0,80000000.0,1.28,468000000000.0,1044651.0,,,0.0,18.115667911611848,0.30781413912894656,0.35503722406835836,340.96538271,1.467916,2.34474,,
199,VNE,47670609.0,81934033.0,0.43,782470015150.0,390666.0,0.16808949,0.16850392,0.0643,30.714107964966065,0.31237304037631125,0.7663009023090538,310.93203198,0.68663,2.453108,0.40089341,0.59910659
200,ITC,47339695.0,95935049.0,1.47,747334031710.0,456393.0,0.01475292,0.54834094,0.0034,5.5904030274721705,0.8620044094781597,0.4325571282702412,1393.45946289,3.170848,6.270009,0.5664938599999999,0.4335061400000001
201,NHA,25131811.0,42174520.0,1.85,472354624000.0,191660.0,,,0.0035,252.27172319748257,4.286808606517107,1.1059156250034903,44.3965731,0.31121899999999997,0.526271,,
202,EVG,127488656.0,215249836.0,1.28,744764432560.0,1596230.0,0.353432,0.09052272,0.0021,31.57343714085714,0.5699808411469903,0.28663021530744764,109.58578835,0.971396,1.1328529999999999,0.44605472,0.55394528
203,VGS,17202371.0,48427921.0,2.29,605349012500.0,743943.0,,,0.0037,6.054538847238571,0.06623298633666207,0.6655692761130756,2064.56681762,4.72589,11.364048,,
204,DRH,116300246.0,123707866.0,1.71,596271914120.0,3494263.0,0.05152731,0.00519485,0.0072,59.38797889856595,9.93399779769592,0.36912379441083787,81.16120618,0.305919,0.811648,0.06392216,0.93607784
205,VPH,54851667.0,95357800.0,1.39,371895420000.0,140753.0,0.19217812,0.04568262,0.0087,17.993613815376804,2.30119369589996,0.3637598868397979,216.74356469,0.9618909999999999,1.977021,0.24656074,0.7534392599999999
