,ticker,Q4/2016,Q1/2017,Q2/2017,Q3/2017,Q4/2017,Q1/2018,Q2/2018,Q3/2018,Q4/2018,Q1/2019,Q2/2019,Q3/2019,Q4/2019,Q1/2020,Q2/2020,Q3/2020,Q4/2020,Q1/2021,Q2/2021,Q3/2021,Q4/2021,Q1/2022,Q2/2022,Q3/2022,Q4/2022,Q1/2023
0,VCB,"42431, 63646","42070, 63104","37364, 56045","37548, 56323","38396, 57594","39976, 59964","42602, 63903","49822, 74733","52727, 79091","53161, 79741","54493, 81740","57665, 86498","61760, 92639","67988, 101982","71220, 106830","72760, 109140","71190, 106785","73421, 110132","77872, 116808","82105, 123158","85605, 128407","85957, 128935","86511, 129767","79161, 118741","77099, 115649","78318, 117477"
1,VIC,"61538, 92308","56022, 84034","50499, 75749","51366, 77049","51923, 77885","54034, 81052","62047, 93070","85092, 127638","93657, 140486","97276, 145914","102209, 153313","104848, 157272","110676, 166015","119127, 178690","120009, 180013","111560, 167340","97143, 145714","97062, 145593","96817, 145226","96338, 144506","96477, 144716","94585, 141877","90149, 135224","89304, 133956","89506, 134259","85915, 128873"
2,VHM,"0, 0","0, 0","0, 0","0, 0","0, 0","0, 0","0, 0","0, 0","0, 0","0, 0","0, 0","79447, 119171","81514, 122270","96056, 144084","109275, 163912","109479, 164218","97570, 146355","93595, 140393","92331, 138497","86121, 129181","88008, 132012","88150, 132225","77834, 116751","84249, 126374","83765, 125648","85410, 128115"
3,GAS,"49123, 73685","51531, 77296","50967, 76450","48134, 72202","48593, 72889","51175, 76762","58249, 87373","71106, 106659","79265, 118897","78165, 117247","76098, 114147","78542, 117813","78964, 118446","80231, 120346","80328, 120493","70854, 106281","62373, 93559","62238, 93358","64354, 96531","70182, 105273","74146, 111219","79239, 118859","86559, 129838","93942, 140913","95668, 143501","95721, 143582"
4,HPG,"33685, 50528","39278, 58918","42803, 64205","44665, 66997","40446, 60669","43930, 65895","49591, 74387","55934, 83901","58705, 88057","50907, 76361","50429, 75643","45712, 68568","45564, 68346","39036, 58554","39203, 58805","39759, 59638","40641, 60962","42692, 64039","45894, 68841","57461, 86192","64998, 97497","67818, 101727","70629, 105943","65542, 98313","51692, 77538","38431, 57646"
5,VPB,"0, 0","0, 0","0, 0","32753, 49130","32884, 49326","35279, 52918","39663, 59495","39710, 59565","39849, 59774","28666, 42999","23012, 34518","20960, 31440","20778, 31168","19767, 29651","20241, 30362","20916, 31373","21070, 31604","21875, 32812","23542, 35313","30990, 46484","40099, 60148","42868, 64302","35329, 52993","36016, 54023","32450, 48676","30997, 46496"
6,NVL,"0, 0","0, 0","76894, 115341","78649, 117974","63209, 94813","63593, 95389","69289, 103934","70626, 105939","67972, 101958","68021, 102031","67394, 101092","64412, 96618","63354, 95031","65564, 98347","63725, 95588","63910, 95865","70910, 106364","79393, 119090","93731, 140597","110906, 166359","121865, 182797","130375, 195563","135683, 203525","116761, 175142","113151, 169727","117384, 176076"
7,VNM,"114308, 171461","116584, 174876","118889, 178333","122899, 184349","127990, 191985","137674, 206511","145856, 218783","148201, 222301","149672, 224508","137163, 205744","123815, 185723","122305, 183458","120476, 180714","119512, 179268","117580, 176371","115321, 172981","117984, 176976","114182, 171274","113979, 170968","108627, 162941","96886, 145329","94791, 142187","92283, 138425","88997, 133495","83932, 125899","82897, 124346"
8,TCB,"0, 0","0, 0","0, 0","0, 0","0, 0","0, 0","85246, 127868","72674, 109011","25678, 38517","25159, 37739","25340, 38009","25010, 37515","22498, 33747","22047, 33071","21620, 32429","21322, 31984","19684, 29526","20254, 30380","22249, 33374","32037, 48056","40882, 61323","44949, 67424","48620, 72930","47827, 71740","37375, 56062","37088, 55632"
9,BID,"18079, 27118","16998, 25497","16426, 24639","16797, 25196","17487, 26231","19120, 28680","21120, 31680","23218, 34827","26378, 39566","26959, 40438","27266, 40898","28208, 42312","29409, 44114","31453, 47180","33424, 50136","34350, 51525","33769, 50654","34246, 51369","35478, 53218","36953, 55430","37847, 56771","38438, 57657","38928, 58392","39004, 58506","36361, 54542","36245, 54367"
10,MSN,"54646, 81969","51011, 76517","48239, 72358","39962, 59942","39722, 59582","39639, 59458","47010, 70516","59026, 88539","62017, 93026","71371, 107057","81724, 122585","90677, 136016","97179, 145768","92217, 138325","90497, 135746","73137, 109706","66990, 100485","63160, 94740","63254, 94880","66329, 99493","80868, 121303","113928, 170892","131236, 196854","138892, 208338","112485, 168728","103436, 155154"
11,CTG,"16406, 24609","16202, 24302","16369, 24554","16834, 25252","17229, 25843","18077, 27116","19522, 29283","21575, 32362","22855, 34283","22625, 33937","20715, 31072","19099, 28648","18680, 28021","18883, 28325","19077, 28615","19527, 29290","20645, 30968","22232, 33348","26313, 39469","29896, 44844","30983, 46475","29888, 44832","30001, 45001","30044, 45066","26914, 40371","26987, 40480"
12,GVR,"0, 0","0, 0","0, 0","0, 0","0, 0","0, 0","0, 0","0, 0","0, 0","0, 0","8005, 12008","8232, 12348","9354, 14031","10317, 15476","10269, 15404","9947, 14921","9891, 14836","10270, 15406","11828, 17742","18443, 27664","20707, 31061","23641, 35462","24253, 36379","24105, 36158","18998, 28496","17269, 25903"
13,MBB,"13400, 20100","13570, 20355","13403, 20105","13892, 20837","15171, 22757","19288, 28931","20906, 31359","22568, 33851","23488, 35231","20594, 30891","20234, 30351","20490, 30735","20516, 30775","20713, 31070","20450, 30675","19422, 29133","17150, 25724","17850, 26775","19641, 29462","25088, 37633","27111, 40666","28657, 42985","29751, 44627","30621, 45932","28576, 42865","27429, 41144"
14,VGI,"0, 0","0, 0","0, 0","0, 0","0, 0","0, 0","0, 0","0, 0","0, 0","0, 0","15419, 23128","21633, 32449","24888, 37332","24997, 37496","25074, 37612","23504, 35256","22968, 34452","23602, 35403","24822, 37234","25475, 38213","26001, 39002","25141, 37712","25183, 37775","25469, 38204","25967, 38950","25489, 38234"
15,MWG,"135556, 203334","172330, 258495","187682, 281523","204972, 307458","206505, 309757","173882, 260823","192132, 288198","194157, 291236","182068, 273102","186868, 280302","186385, 279578","172390, 258585","148280, 222420","153412, 230117","158821, 238231","155602, 233402","142729, 214094","142552, 213828","147412, 221118","155452, 233178","158414, 237621","166035, 249052","163581, 245371","161388, 242082","150850, 226275","99542, 149313"
16,SAB,"107723, 161585","160934, 241400","158140, 237210","152570, 228855","156025, 234038","191109, 286664","202188, 303282","208267, 312400","199605, 299407","197011, 295516","201399, 302098","210668, 316002","219503, 329255","226819, 340228","223577, 335366","183574, 275362","176524, 264786","175327, 262991","179842, 269763","180247, 270370","168878, 253317","165561, 248341","167996, 251993","166676, 250013","174755, 262132","181783, 272674"
17,FPT,"40702, 61053","39325, 58987","39867, 59800","41085, 61627","42289, 63433","43192, 64788","44812, 67218","46200, 69300","45464, 68196","38663, 57994","39272, 58908","40453, 60679","42409, 63613","46021, 69032","48252, 72377","49419, 74129","46305, 69458","47762, 71642","50243, 75364","61294, 91942","70843, 106265","76679, 115019","80608, 120912","83405, 125108","82816, 124225","77861, 116791"
18,BCM,"0, 0","0, 0","0, 0","0, 0","0, 0","0, 0","0, 0","0, 0","0, 0","0, 0","14941, 22412","15644, 23466","16031, 24046","20579, 30869","21606, 32410","22271, 33406","23313, 34969","25213, 37820","32846, 49268","38102, 57153","38604, 57906","39459, 59188","40082, 60123","47397, 71095","54196, 81294","56646, 84970"
19,ACB,"16944, 25417","17359, 26038","18294, 27441","20535, 30803","22361, 33542","24508, 36762","28291, 42436","31132, 46698","32418, 48628","30223, 45335","27191, 40787","26945, 40418","26842, 40263","23791, 35686","23835, 35753","23858, 35787","24193, 36290","24992, 37489","26463, 39694","29748, 44622","30940, 46410","32224, 48335","32325, 48487","32961, 49441","31461, 47192","27883, 41825"
20,VRE,"0, 0","0, 0","0, 0","0, 0","0, 0","0, 0","0, 0","42038, 63056","40791, 61187","35492, 53237","32727, 49091","29868, 44802","29005, 43507","28183, 42275","27040, 40560","25177, 37765","23428, 35142","23410, 35115","24009, 36013","25112, 37668","25166, 37750","25270, 37906","25334, 38001","25077, 37615","25000, 37500","25000, 37501"
21,VJC,"0, 0","0, 0","0, 0","0, 0","0, 0","149607, 224411","171018, 256528","183877, 275815","183412, 275118","170637, 255956","158290, 237434","145173, 217760","143033, 214550","142535, 213803","134221, 201332","119645, 179468","105674, 158511","102727, 154090","104736, 157104","106845, 160267","111846, 167769","111041, 166562","115183, 172774","118761, 178141","120556, 180835","125922, 188883"
22,BSR,"0, 0","0, 0","0, 0","0, 0","0, 0","0, 0","0, 0","0, 0","0, 0","15858, 23787","13584, 20376","10498, 15748","9168, 13752","8286, 12430","7434, 11152","6378, 9566","5593, 8390","5458, 8187","6022, 9032","9814, 14721","14208, 21312","16799, 25199","19625, 29437","22305, 33457","23390, 35085","22145, 33218"
23,VIB,"15542, 23313","14789, 22184","16082, 24123","19232, 28848","19953, 29929","20704, 31055","23080, 34621","23666, 35500","24546, 36818","24470, 36705","23520, 35279","19526, 29289","20284, 30426","20915, 31373","21281, 31921","21416, 32124","21594, 32391","22995, 34493","31775, 47662","37571, 56356","39398, 59096","42016, 63025","42521, 63781","42084, 63126","31556, 47333","29664, 44497"
24,PLX,"0, 0","41825, 62738","42102, 63152","54737, 82105","56256, 84384","58019, 87029","59139, 88709","57080, 85620","54755, 82132","49164, 73746","47751, 71626","47109, 70663","47300, 70950","49090, 73635","46339, 69509","43265, 64898","39369, 59053","38533, 57800","42474, 63710","46166, 69249","47220, 70830","47976, 71964","51415, 77122","52946, 79419","47936, 71904","45698, 68547"
25,TPB,"0, 0","0, 0","0, 0","0, 0","0, 0","27057, 40586","26597, 39896","23733, 35600","22670, 34005","22331, 33496","22082, 33123","20412, 30617","20018, 30028","20931, 31397","21509, 32264","21382, 32072","21872, 32808","22840, 34260","24313, 36470","27549, 41324","31457, 47185","36980, 55469","40198, 60297","41160, 61740","34348, 51521","30959, 46439"
26,STB,"13352, 20029","11925, 17887","10915, 16373","11018, 16527","11146, 16719","11622, 17433","12089, 18133","11798, 17697","11934, 17901","11158, 16737","11197, 16795","11156, 16733","10968, 16451","10574, 15861","10394, 15591","10384, 15575","10423, 15634","11019, 16529","12529, 18793","15217, 22825","18723, 28084","20373, 30560","22093, 33140","21282, 31922","20006, 30009","19117, 28675"
27,HDB,"0, 0","0, 0","0, 0","0, 0","33487, 50231","40408, 60612","39893, 59840","38252, 57379","33437, 50155","32301, 48452","30000, 45000","27323, 40985","24718, 37077","24442, 36663","24723, 37085","24835, 37253","25375, 38063","25707, 38561","27845, 41768","29880, 44820","31101, 46652","31594, 47391","29986, 44980","29523, 44284","27779, 41668","26922, 40383"
28,HVN,"33095, 49643","26591, 39886","21573, 32359","23206, 34810","23512, 35268","24651, 36977","26342, 39513","30140, 45211","32255, 48383","30718, 46078","31357, 47036","33005, 49507","31973, 47960","31683, 47525","26948, 40422","21272, 31909","18559, 27838","16503, 24755","15857, 23786","16941, 25411","18824, 28235","19189, 28783","19884, 29826","20549, 30824","17726, 26589","16500, 24750"
29,BVH,"51079, 76618","53538, 80307","55511, 83266","55765, 83647","54747, 82121","56773, 85160","60219, 90328","67579, 101368","79078, 118617","84874, 127310","85993, 128989","88075, 132113","81124, 121686","78049, 117073","76640, 114959","67145, 100718","62726, 94088","64253, 96379","67754, 101631","69819, 104728","71397, 107096","71272, 106909","71403, 107104","72563, 108844","72259, 108388","70994, 106490"
30,SHB,"6080, 9121","5541, 8312","5472, 8209","5671, 8506","6804, 10206","7344, 11016","7901, 11851","8283, 12424","8482, 12723","7796, 11695","7480, 11219","7362, 11043","7324, 10986","7184, 10775","7190, 10785","7680, 11520","11137, 16705","12807, 19211","13264, 19896","14748, 22122","19988, 29982","21321, 31981","21729, 32594","18599, 27898","13925, 20888","13137, 19706"
31,THD,"0, 0","0, 0","0, 0","0, 0","0, 0","0, 0","0, 0","0, 0","0, 0","0, 0","0, 0","0, 0","0, 0","0, 0","0, 0","0, 0","0, 0","239906, 359859","423191, 634786","528886, 793329","490539, 735809","371567, 557351","335674, 503511","197962, 296943","130865, 196297","101869, 152803"
32,DGC,"41686, 62529","38672, 58008","37704, 56556","35122, 52683","33606, 50409","29208, 43812","24502, 36753","19587, 29380","26526, 39789","48216, 72324","66135, 99203","82718, 124077","54639, 81958","45905, 68857","40364, 60545","40896, 61343","42719, 64078","48944, 73416","52324, 78486","60185, 90278","76023, 114035","103912, 155868","160991, 241487","199332, 298997","209039, 313559","148891, 223336"
33,EIB,"8112, 12168","8144, 12216","8659, 12988","9100, 13650","9781, 14671","10397, 15596","10832, 16248","11309, 16964","11515, 17273","11539, 17308","11694, 17541","13197, 19796","13672, 20509","14080, 21120","13835, 20753","13468, 20203","13110, 19665","12963, 19445","13199, 19798","14479, 21718","17738, 26608","19423, 29135","21279, 31919","22096, 33144","23541, 35312","23625, 35438"
34,MSB,"0, 0","0, 0","0, 0","0, 0","0, 0","0, 0","0, 0","0, 0","0, 0","0, 0","0, 0","0, 0","0, 0","0, 0","0, 0","0, 0","14003, 21005","15971, 23957","17497, 26246","19606, 29409","20901, 31351","22763, 34144","22842, 34263","21745, 32617","18168, 27251","16502, 24753"
35,SSI,"72670, 109005","47029, 70544","38144, 57216","37805, 56707","28440, 42660","28930, 43395","31640, 47461","30017, 45025","30307, 45461","29901, 44851","28080, 42120","26234, 39351","23605, 35407","21499, 32248","19926, 29889","17703, 26555","16674, 25012","16889, 25334","18882, 28323","28973, 43460","32320, 48480","40590, 60885","43157, 64735","43260, 64889","34742, 52113","30215, 45322"
36,OCB,"0, 0","0, 0","0, 0","0, 0","0, 0","0, 0","0, 0","0, 0","0, 0","0, 0","0, 0","0, 0","0, 0","0, 0","0, 0","0, 0","15508, 23263","16852, 25278","21719, 32578","24494, 36741","24166, 36250","24551, 36827","24656, 36983","24100, 36150","20204, 30307","18062, 27093"
37,DIG,"7339, 11008","6942, 10412","7048, 10572","7441, 11162","10092, 15139","12565, 18848","13197, 19795","15295, 22943","15653, 23480","14001, 21001","13983, 20975","14476, 21714","14395, 21592","14846, 22269","14569, 21853","13584, 20377","12816, 19224","14708, 22062","20515, 30772","25878, 38817","30892, 46338","33718, 50577","44532, 66797","45235, 67852","42537, 63805","29644, 44465"
38,KDH,"34175, 51263","32488, 48732","27529, 41294","26848, 40273","23718, 35576","27030, 40546","29507, 44260","31318, 46977","33487, 50231","32850, 49275","30578, 45867","30015, 45022","29757, 44635","28289, 42433","29824, 44737","31176, 46765","29867, 44801","28902, 43353","28474, 42711","28397, 42595","30126, 45189","32135, 48202","37712, 56567","39355, 59032","39469, 59203","37859, 56789"
39,POW,"0, 0","0, 0","0, 0","0, 0","0, 0","0, 0","0, 0","0, 0","11435, 17152","11960, 17940","12249, 18373","12062, 18092","12176, 18264","11583, 17374","11032, 16548","9489, 14233","9071, 13607","9016, 13524","9507, 14261","10472, 15708","10771, 16156","11110, 16665","11295, 16942","11655, 17483","11700, 17550","11409, 17113"
40,PDR,"15903, 23854","14758, 22137","14862, 22293","16064, 24096","23534, 35301","28933, 43399","35360, 53041","37985, 56978","33699, 50549","28072, 42108","26702, 40053","25432, 38148","24246, 36369","23999, 35999","24478, 36717","25183, 37775","26812, 40219","28871, 43307","38976, 58464","53745, 80617","66911, 100367","74138, 111208","75700, 113550","73196, 109794","50929, 76393","48624, 72936"
41,DPM,"22993, 34490","22151, 33226","21441, 32161","19543, 29314","19323, 28984","19176, 28763","19492, 29239","18885, 28328","17452, 26178","16853, 25279","16068, 24103","15709, 23563","14955, 22433","13452, 20178","13239, 19859","13475, 20213","13815, 20723","14437, 21655","15224, 22836","15914, 23870","17155, 25733","26268, 39403","36462, 54693","45003, 67505","47875, 71812","47116, 70674"
42,REE,"20312, 30468","20585, 30878","21348, 32022","24634, 36952","28743, 43115","31217, 46826","32693, 49039","32390, 48585","30915, 46372","29913, 44870","29559, 44338","29432, 44148","30216, 45324","31358, 47037","31705, 47557","31249, 46873","30950, 46425","31501, 47252","36133, 54200","44760, 67139","50424, 75636","56216, 84324","62550, 93825","65777, 98666","65943, 98914","67330, 100995"
43,KBC,"13479, 20218","13726, 20589","13879, 20819","13361, 20042","12899, 19349","12698, 19047","12302, 18454","11917, 17875","11742, 17613","11782, 17673","11934, 17901","12553, 18829","13120, 19681","13103, 19655","13267, 19901","13180, 19770","12748, 19122","13264, 19897","14432, 21647","25364, 38046","31471, 47207","35581, 53371","39091, 58637","40989, 61483","35777, 53665","30114, 45171"
44,PNJ,"53147, 79720","59176, 88765","66695, 100042","70952, 106428","91752, 137628","110926, 166389","131706, 197559","156252, 234378","162750, 244126","112039, 168059","107289, 160933","106124, 159187","106716, 160075","95249, 142873","95728, 143592","92663, 138994","77638, 116458","78634, 117950","85315, 127973","96543, 144815","101404, 152106","106622, 159933","117042, 175562","129187, 193781","141168, 211753","148514, 222772"
45,GEX,"18487, 27731","18699, 28049","22430, 33645","26260, 39390","29135, 43702","30913, 46369","30771, 46156","31679, 47519","32856, 49284","32755, 49132","29565, 44347","27171, 40756","25724, 38586","25566, 38349","24475, 36712","22517, 33775","21907, 32860","22563, 33845","24278, 36416","32262, 48392","39448, 59172","50572, 75858","56113, 84169","56808, 85212","37740, 56610","33585, 50378"
46,DXG,"16446, 24668","16892, 25338","18313, 27469","21248, 31872","25267, 37900","28009, 42013","31086, 46628","33466, 50199","32896, 49344","33399, 50099","32105, 48157","31658, 47486","28458, 42686","28426, 42639","27886, 41830","25430, 38145","23901, 35851","23929, 35894","24818, 37227","30850, 46275","33444, 50165","36938, 55407","39626, 59439","38225, 57337","35849, 53773","31422, 47133"
47,VGC,"7918, 11877","12200, 18300","13007, 19511","14469, 21703","15941, 23912","18457, 27685","20379, 30568","20936, 31405","20355, 30532","16313, 24469","16546, 24820","17031, 25546","17615, 26422","18386, 27579","18338, 27507","18427, 27641","18995, 28493","19862, 29794","21171, 31757","22533, 33799","23666, 35500","24301, 36452","28488, 42732","35021, 52532","38679, 58019","38122, 57183"
48,DCM,"9410, 14115","8943, 13415","8511, 12766","8697, 13046","10526, 15789","11095, 16642","11440, 17160","11130, 16694","10175, 15262","9476, 14214","9280, 13920","8437, 12655","8004, 12005","7670, 11505","7130, 10695","6982, 10473","7280, 10919","7677, 11515","9418, 14127","10811, 16217","13177, 19765","17755, 26632","24343, 36515","29533, 44300","30566, 45849","30036, 45054"
49,LPB,"0, 0","0, 0","0, 0","0, 0","0, 0","0, 0","0, 0","13211, 19817","12342, 18513","9745, 14618","8212, 12318","7828, 11742","7454, 11181","7408, 11112","7357, 11035","7419, 11129","7620, 11431","8436, 12654","10504, 15757","12635, 18952","16497, 24746","17821, 26732","18511, 27767","18213, 27319","13986, 20978","13369, 20053"
50,VHC,"33984, 50976","44063, 66094","46062, 69094","46694, 70041","46107, 69160","46884, 70326","49056, 73584","51436, 77154","58924, 88387","72742, 109112","81506, 122258","86802, 130202","83244, 124867","77516, 116274","73790, 110685","46610, 69914","46902, 70354","47662, 71493","48868, 73302","49639, 74459","50400, 75601","53260, 79891","64832, 97248","75322, 112983","89109, 133664","95504, 143256"
51,NLG,"22218, 33327","22216, 33324","23743, 35614","26501, 39752","28592, 42888","31517, 47275","32555, 48832","31464, 47197","30497, 45746","29064, 43595","29891, 44837","30671, 46006","30847, 46271","31258, 46887","29654, 44481","28243, 42365","27980, 41970","28499, 42748","34079, 51119","42510, 63765","49832, 74748","58246, 87368","59918, 89878","59477, 89216","49294, 73941","43899, 65848"
52,IDC,"0, 0","0, 0","0, 0","0, 0","0, 0","0, 0","0, 0","0, 0","0, 0","19866, 29800","19513, 29269","18606, 27909","16835, 25252","16366, 24549","15762, 23643","15463, 23194","15522, 23283","16196, 24295","20337, 30506","26238, 39358","29319, 43979","31279, 46919","44096, 66145","44849, 67274","43464, 65197","36323, 54484"
53,GMD,"31669, 47504","25151, 37726","25240, 37861","27577, 41365","34030, 51045","37173, 55760","37450, 56175","34537, 51805","24534, 36800","22681, 34022","22413, 33619","22928, 34393","23473, 35210","23170, 34755","23067, 34601","19281, 28922","18870, 28304","19280, 28919","21118, 31677","26230, 39345","28961, 43441","34418, 51627","38081, 57121","40284, 60426","41492, 62238","44110, 66165"
54,VCS,"89386, 134079","111057, 166586","128206, 192308","154803, 232205","175524, 263287","205185, 307777","217673, 326510","231483, 347224","137282, 205923","120728, 181092","104411, 156617","96239, 144359","88035, 132053","87043, 130565","82025, 123038","75432, 113148","73469, 110203","73749, 110624","80744, 121115","88834, 133251","97963, 146945","107652, 161478","112046, 168068","108273, 162410","91740, 137609","79484, 119227"
55,QNS,"96618, 144927","96227, 144340","111969, 167953","109183, 163775","87758, 131637","72206, 108309","59972, 89958","55588, 83383","43858, 65787","42153, 63230","42756, 64133","42203, 63305","34161, 51241","32237, 48356","32029, 48044","30616, 45924","30649, 45974","31214, 46821","32643, 48965","35269, 52903","36924, 55386","39102, 58653","40888, 61331","41034, 61552","39473, 59210","38397, 57595"
56,NVB,"6590, 9885","6672, 10008","6725, 10088","6307, 9460","6198, 9297","6421, 9632","6829, 10243","6887, 10331","7267, 10901","7382, 11073","7093, 10639","6991, 10487","6842, 10264","7177, 10765","7129, 10694","7205, 10808","7284, 10926","7424, 11136","7783, 11674","11059, 16589","13582, 20373","17800, 26701","18186, 27279","18050, 27075","17739, 26609","18446, 27669"
57,KDC,"15519, 23278","17664, 26497","24432, 36647","33012, 49518","37188, 55782","38965, 58447","39414, 59120","36182, 54273","32049, 48074","29265, 43898","24087, 36130","21768, 32653","20749, 31123","19809, 29714","18211, 27316","18192, 27287","18762, 28142","25872, 38808","27502, 41253","31177, 46766","38551, 57827","41390, 62086","41390, 62086","40906, 61360","40561, 60842","42930, 64396"
58,OIL,"0, 0","0, 0","0, 0","0, 0","0, 0","0, 0","0, 0","0, 0","0, 0","0, 0","0, 0","0, 0","12025, 18038","11307, 16961","8462, 12693","6448, 9672","5538, 8307","5406, 8109","5950, 8925","8580, 12870","10388, 15582","11969, 17954","14681, 22021","16063, 24095","14366, 21549","13014, 19521"
59,VCI,"0, 0","0, 0","0, 0","0, 0","0, 0","0, 0","79277, 118916","94646, 141969","99082, 148623","76327, 114491","57788, 86681","41041, 61562","33904, 50856","29608, 44413","25912, 38868","23825, 35738","21642, 32463","22244, 33366","31221, 46831","46530, 69795","60415, 90623","73156, 109734","77895, 116843","68671, 103006","46835, 70252","38375, 57562"
60,HSG,"39771, 59657","44230, 66345","46059, 69089","48190, 72285","52047, 78070","37824, 56736","36587, 54881","33948, 50922","24108, 36162","22397, 33595","21118, 31677","18867, 28301","14612, 21919","13939, 20909","13209, 19813","13437, 20155","13746, 20619","16001, 24001","21881, 32821","35294, 52942","46980, 70470","51670, 77505","49037, 73555","37249, 55873","23096, 34644","18952, 28428"
61,VND,"29240, 43860","19408, 29112","15811, 23717","16498, 24747","19525, 29288","22806, 34210","29094, 43642","30889, 46334","30182, 45272","26922, 40382","23312, 34968","20596, 30894","18878, 28317","18255, 27383","16980, 25471","14856, 22283","14293, 21439","14193, 21290","18304, 27456","35061, 52592","57668, 86502","86088, 129131","105947, 158920","113991, 170987","56494, 84742","50371, 75557"
62,VPI,"0, 0","0, 0","0, 0","0, 0","0, 0","0, 0","0, 0","0, 0","32473, 48710","37244, 55866","39829, 59743","42351, 63527","41175, 61763","39568, 59352","40706, 61060","42514, 63772","46623, 69935","47442, 71163","43730, 65596","42474, 63711","42363, 63545","41990, 62984","41968, 62952","47358, 71037","48002, 72003","48494, 72742"
63,VCG,"9368, 14051","11080, 16619","12057, 18085","12662, 18993","13709, 20564","15245, 22868","15502, 23253","15203, 22805","13895, 20843","13712, 20569","13763, 20645","17507, 26261","18401, 27601","17712, 26568","17120, 25680","16837, 25256","16976, 25463","18640, 27961","29076, 43614","34851, 52277","37664, 56496","38872, 58308","35464, 53196","31333, 46999","19725, 29587","16925, 25388"
64,FRT,"0, 0","0, 0","0, 0","0, 0","0, 0","0, 0","0, 0","0, 0","0, 0","0, 0","82741, 124112","83581, 125371","64069, 96103","58674, 88011","40209, 60313","27394, 41091","23618, 35428","22675, 34013","22230, 33345","25061, 37592","29948, 44923","42060, 63089","60074, 90111","88813, 133219","97479, 146218","83305, 124957"
65,DGW,"17802, 26703","17162, 25743","15736, 23604","14558, 21838","14749, 22124","15001, 22502","16382, 24573","18190, 27285","19926, 29889","22205, 33308","22384, 33576","22948, 34423","23966, 35948","25024, 37535","25915, 38872","28212, 42318","30253, 45379","43713, 65569","59490, 89236","87984, 131977","109464, 164195","141319, 211978","141893, 212840","145348, 218023","133231, 199847","75173, 112759"
66,ITA,"4297, 6445","4149, 6223","3924, 5886","3652, 5479","3551, 5327","3315, 4972","3209, 4813","3040, 4561","2737, 4106","2645, 3968","2654, 3981","2798, 4198","2914, 4370","2946, 4419","2833, 4250","2758, 4136","2802, 4204","3582, 5373","3946, 5920","4697, 7045","5144, 7716","5406, 8109","6161, 9241","7827, 11740","7839, 11758","5343, 8015"
67,HCM,"71027, 106540","52847, 79271","41117, 61675","41504, 62256","38933, 58399","46044, 69067","55962, 83943","61747, 92621","66852, 100278","59714, 89571","50587, 75880","42540, 63809","31632, 47448","32660, 48990","33273, 49909","30263, 45395","29680, 44521","29962, 44943","33035, 49553","40081, 60121","42172, 63258","49794, 74691","51718, 77577","49651, 74476","41796, 62693","36849, 55274"
68,SBT,"27197, 40796","27040, 40560","22833, 34250","22988, 34482","31384, 47076","39419, 59128","42868, 64302","36361, 54541","28801, 43202","26000, 39000","23910, 35865","22757, 34135","23733, 35599","24167, 36251","24886, 37329","25009, 37513","21701, 32551","21113, 31670","18901, 28351","20574, 30862","20265, 30398","21575, 32363","22290, 33434","24167, 36250","21493, 32240","0, 0"
69,PVS,"14863, 22295","14632, 21948","14303, 21454","13865, 20798","13217, 19825","13048, 19572","13279, 19918","13853, 20779","15462, 23193","14898, 22347","15370, 23054","16865, 25297","16836, 25254","17093, 25640","15954, 23931","14333, 21499","12142, 18213","12249, 18374","12926, 19389","15759, 23639","17384, 26076","18510, 27766","19546, 29318","19856, 29784","19634, 29451","18773, 28160"
70,HDG,"24521, 36782","27604, 41406","34023, 51034","38751, 58127","42339, 63508","44185, 66277","47078, 70616","48435, 72652","47106, 70660","45329, 67994","45405, 68107","44061, 66092","42039, 63059","38150, 57226","36360, 54540","31744, 47616","27875, 41812","27143, 40714","27323, 40984","34837, 52256","39552, 59327","48534, 72801","55306, 82958","55428, 83142","48800, 73200","44621, 66931"
71,TCH,"0, 0","45152, 67729","21085, 31628","20546, 30819","19845, 29767","18346, 27520","17796, 26694","18082, 27123","19269, 28904","18847, 28271","19816, 29724","20429, 30643","22048, 33072","24998, 37497","26253, 39380","27267, 40900","23627, 35440","23589, 35384","24429, 36644","24429, 36644","25109, 37664","27038, 40557","26525, 39788","26621, 39932","22165, 33248","20139, 30208"
72,CEO,"15294, 22941","14532, 21798","14372, 21559","13978, 20967","14339, 21508","13806, 20708","15603, 23404","18207, 27311","19936, 29904","20734, 31102","20082, 30123","17963, 26944","15262, 22893","12783, 19174","11120, 16679","10122, 15184","9172, 13757","8951, 13426","8908, 13361","9873, 14810","10004, 15005","10364, 15546","11721, 17581","26862, 40293","28343, 42514","24339, 36509"
73,VGT,"0, 0","9623, 14434","9823, 14735","9759, 14638","9277, 13915","9159, 13739","9343, 14015","9413, 14120","9842, 14763","9904, 14856","9690, 14535","9441, 14162","9024, 13536","7802, 11703","7440, 11160","7322, 10983","7171, 10756","7174, 10761","7487, 11231","11242, 16863","13353, 20029","15287, 22931","17685, 26527","18393, 27590","15566, 23349","14159, 21238"
74,BWE,"0, 0","0, 0","0, 0","0, 0","0, 0","23427, 35140","24581, 36871","25808, 38712","21629, 32443","21131, 31696","22541, 33812","19584, 29376","15644, 23465","11449, 17173","7107, 10660","7382, 11072","10012, 15019","17971, 26957","20744, 31117","24662, 36993","28397, 42596","31273, 46910","33215, 49823","34395, 51593","34975, 52462","35278, 52917"
75,PHR,"15709, 23563","16854, 25282","19171, 28756","22775, 34163","26252, 39378","30738, 46107","33545, 50318","35516, 53274","35774, 53661","28364, 42546","30578, 45866","35300, 52950","46735, 70102","48808, 73212","47343, 71015","41993, 62990","42940, 64410","45874, 68810","48109, 72163","48705, 73058","46411, 69616","45968, 68952","49654, 74481","52495, 78742","52683, 79025","50986, 76478"
76,HAG,"8383, 12575","6771, 10157","6135, 9202","6293, 9439","7329, 10993","7648, 11472","7704, 11557","7288, 10933","6370, 9555","5404, 8106","5210, 7816","5063, 7595","4879, 7318","4662, 6993","4006, 6008","3477, 5216","3285, 4927","3405, 5107","2976, 4464","2716, 4074","2293, 3440","2100, 3150","2622, 3934","5437, 8155","6117, 9176","6265, 9398"
77,PC1,"36881, 55321","33343, 50014","35465, 53197","37212, 55819","36965, 55448","35177, 52765","36462, 54693","36278, 54417","33846, 50769","29496, 44244","26323, 39485","24835, 37252","24164, 36246","22059, 33089","19820, 29730","18721, 28081","19210, 28815","20820, 31230","24878, 37318","27906, 41858","30862, 46293","34234, 51351","34671, 52006","34485, 51728","32374, 48561","30864, 46297"
78,SJS,"21352, 32027","21255, 31883","22361, 33542","23036, 34553","23209, 34814","24700, 37050","25593, 38389","25725, 38588","22640, 33960","19621, 29432","19501, 29251","18843, 28264","18159, 27239","17767, 26650","17550, 26324","17811, 26717","19117, 28676","21182, 31772","22421, 33632","27792, 41688","36602, 54903","41992, 62988","43316, 64974","44421, 66632","42461, 63691","40227, 60340"
79,BCG,"45581, 68371","25191, 37786","16060, 24090","12658, 18987","9447, 14170","6991, 10487","5686, 8530","4453, 6679","3873, 5809","4256, 6383","5378, 8067","6124, 9186","6785, 10177","7579, 11369","8305, 12458","9485, 14227","11798, 17696","16046, 24068","21162, 31743","24206, 36309","24840, 37260","25731, 38596","25898, 38847","27398, 41096","24491, 36737","21689, 32534"
80,PVD,"21200, 31800","20080, 30120","18927, 28390","16993, 25490","14297, 21446","14145, 21217","14038, 21057","14036, 21053","15034, 22551","13736, 20603","13749, 20624","14537, 21806","14433, 21649","14349, 21524","13643, 20465","12144, 18216","10810, 16215","10709, 16064","11065, 16597","14683, 22025","15537, 23306","16844, 25266","19012, 28519","19108, 28661","17403, 26105","15666, 23499"
81,TVN,"5401, 8101","5499, 8248","5919, 8879","6270, 9405","6500, 9750","6658, 9988","6852, 10278","7753, 11629","7957, 11936","7855, 11782","7653, 11479","7265, 10897","6820, 10230","6230, 9345","6485, 9727","6860, 10291","7030, 10545","7501, 11251","7782, 11673","10101, 15151","12160, 18240","13335, 20003","13614, 20421","13326, 19989","9616, 14425","7837, 11756"
82,HPX,"0, 0","0, 0","0, 0","0, 0","0, 0","0, 0","0, 0","0, 0","0, 0","0, 0","0, 0","0, 0","22871, 34307","21915, 32873","21140, 31710","20100, 30150","19016, 28524","19302, 28953","20628, 30942","26031, 39047","27983, 41974","28019, 42029","26551, 39826","24113, 36170","21006, 31509","21644, 32466"
83,NAB,"0, 0","0, 0","0, 0","0, 0","0, 0","0, 0","0, 0","0, 0","0, 0","0, 0","0, 0","0, 0","0, 0","0, 0","0, 0","13591, 20386","13872, 20807","14025, 21038","15140, 22710","16814, 25221","17920, 26880","18604, 27906","19149, 28723","18522, 27782","15843, 23764","15013, 22519"
84,NKG,"10896, 16343","18056, 27084","28862, 43292","33364, 50046","37338, 56008","40851, 61277","41784, 62676","40862, 61294","25650, 38475","18832, 28249","15414, 23121","12341, 18511","11982, 17973","12452, 18678","12477, 18715","12506, 18759","12197, 18296","11891, 17837","13555, 20333","23918, 35877","46802, 70203","58247, 87370","63982, 95973","56423, 84635","36348, 54522","26159, 39238"
85,HNG,"8559, 12839","7312, 10967","7012, 10518","7394, 11092","7799, 11699","8072, 12108","7866, 11799","7833, 11750","7874, 11811","10093, 15139","10617, 15926","11257, 16885","11344, 17015","11181, 16771","10946, 16418","9773, 14659","8619, 12928","8262, 12393","8411, 12617","7866, 11799","7283, 10925","6379, 9569","5622, 8433","4213, 6320","3850, 5775","3121, 4681"
86,MBS,"18824, 28236","9225, 13837","7555, 11332","8223, 12335","9363, 14044","11668, 17502","12260, 18390","12424, 18637","12362, 18544","11960, 17940","11271, 16907","10713, 16069","11136, 16704","12005, 18008","12942, 19414","11645, 17468","9949, 14923","10516, 15775","11252, 16878","18437, 27655","23093, 34640","25956, 38933","26470, 39705","25337, 38005","19150, 28725","15996, 23995"
87,HUT,"8999, 13498","10085, 15128","11634, 17450","12138, 18207","12390, 18585","11700, 17550","11396, 17095","10198, 15297","7903, 11855","6789, 10183","6270, 9405","5511, 8266","5228, 7842","4688, 7032","4600, 6900","4467, 6701","4339, 6509","4173, 6260","3523, 5284","4291, 6437","5159, 7739","6717, 10075","10235, 15352","17125, 25687","21482, 32222","22631, 33946"
88,QTP,"0, 0","11949, 17924","6515, 9772","6879, 10319","6984, 10476","6928, 10391","7108, 10662","7339, 11008","7442, 11163","7575, 11362","5560, 8340","5674, 8510","6303, 9454","8623, 12934","12035, 18052","12292, 18437","11977, 17965","10782, 16172","10965, 16448","11503, 17254","13121, 19682","13931, 20897","14151, 21226","14281, 21421","13211, 19817","12883, 19324"
89,KOS,"0, 0","0, 0","0, 0","0, 0","0, 0","0, 0","0, 0","0, 0","0, 0","0, 0","36637, 54955","35560, 53340","32069, 48104","28202, 42303","25114, 37671","23252, 34878","22711, 34066","23240, 34860","24795, 37192","27425, 41137","29133, 43699","33696, 50544","37337, 56006","40001, 60001","38991, 58487","40604, 60906"
90,ABB,"0, 0","0, 0","0, 0","0, 0","0, 0","0, 0","0, 0","0, 0","0, 0","0, 0","0, 0","0, 0","0, 0","0, 0","0, 0","0, 0","10760, 16141","11246, 16869","11516, 17273","14933, 22399","17423, 26134","18163, 27244","19359, 29039","17769, 26654","12351, 18526","11504, 17256"
91,FTS,"0, 0","0, 0","0, 0","0, 0","10764, 16146","10741, 16111","12483, 18725","12335, 18502","13743, 20615","14976, 22464","14257, 21385","14903, 22355","13028, 19542","12121, 18182","11542, 17314","11130, 16696","11005, 16507","11936, 17903","14423, 21634","21642, 32463","31285, 46927","62238, 93358","71019, 106528","63277, 94916","37482, 56222","26689, 40034"
92,HT1,"23795, 35693","23804, 35707","20766, 31149","19945, 29917","19109, 28664","16554, 24831","15222, 22833","14369, 21554","13585, 20378","13350, 20025","13408, 20113","14340, 21510","14323, 21485","14056, 21084","13189, 19783","12614, 18921","12439, 18658","12804, 19207","13675, 20512","13809, 20713","14606, 21909","15129, 22694","16807, 25210","16841, 25261","14160, 21240","13440, 20159"
93,SGP,"0, 0","0, 0","0, 0","0, 0","7364, 11046","8201, 12301","8987, 13480","9662, 14493","9568, 14353","8836, 13254","8436, 12654","8121, 12182","8112, 12167","7874, 11811","7373, 11060","6537, 9806","6371, 9556","6724, 10085","7979, 11968","10986, 16478","14883, 22325","20867, 31300","23960, 35940","24083, 36124","18871, 28306","14839, 22258"
94,CII,"28367, 42550","28648, 42971","29727, 44591","31288, 46932","32001, 48001","34378, 51566","33954, 50930","34142, 51212","31056, 46584","28127, 42190","27125, 40688","27611, 41416","29463, 44194","32553, 48830","34129, 51194","32731, 49096","27175, 40762","23437, 35156","21628, 32442","18482, 27723","14819, 22228","13444, 20166","15003, 22504","17298, 25947","19088, 28632","17837, 26756"
95,PVT,"10215, 15323","10266, 15399","10626, 15939","10505, 15758","10643, 15964","11541, 17312","12010, 18016","13666, 20498","14372, 21558","14381, 21571","14312, 21467","14217, 21326","14206, 21310","14222, 21334","14201, 21301","12299, 18448","11265, 16898","11569, 17353","12746, 19119","14381, 21572","16036, 24054","18003, 27004","19214, 28820","19650, 29475","18208, 27313","17972, 26958"
96,GEG,"0, 0","11996, 17994","12390, 18586","12026, 18039","12216, 18324","12475, 18712","12721, 19082","12885, 19328","14691, 22036","17460, 26190","20963, 31445","25205, 37807","26752, 40128","26730, 40096","23993, 35990","20440, 30659","18140, 27211","19338, 29008","20011, 30017","21599, 32399","25663, 38494","26852, 40279","28529, 42793","28788, 43182","29338, 44008","26831, 40247"
97,CMG,"14786, 22179","14840, 22259","14297, 21446","14130, 21194","14414, 21621","15198, 22798","17254, 25881","20924, 31385","21666, 32499","20580, 30870","21096, 31645","23438, 35157","28375, 42562","32082, 48124","34230, 51346","29597, 44395","29386, 44079","29001, 43501","31004, 46507","31816, 47723","32587, 48881","37706, 56558","43981, 65971","47341, 71011","48754, 73131","49190, 73785"
98,NT2,"26760, 40140","30726, 46089","30953, 46430","28899, 43348","26287, 39431","23998, 35997","23502, 35254","24502, 36753","23630, 35444","22237, 33356","21111, 31666","19920, 29880","20631, 30947","20239, 30359","19305, 28958","18837, 28256","18300, 27449","18533, 27799","19267, 28900","19300, 28950","19077, 28615","19633, 29449","19711, 29566","20861, 31291","22114, 33171","22376, 33564"
99,HDC,"10972, 16457","11360, 17041","11010, 16515","11156, 16734","12114, 18171","13680, 20520","13737, 20605","13054, 19582","11830, 17746","11811, 17716","12400, 18601","13489, 20233","13362, 20043","14881, 22322","16053, 24079","16503, 24755","15534, 23300","18057, 27086","23247, 34871","38219, 57329","49124, 73686","61314, 91972","73002, 109502","77752, 116629","54602, 81903","42632, 63948"
100,CRE,"0, 0","0, 0","0, 0","0, 0","0, 0","0, 0","0, 0","0, 0","0, 0","0, 0","0, 0","0, 0","25253, 37880","25741, 38611","23697, 35545","21212, 31818","20116, 30174","20899, 31349","23212, 34818","26932, 40398","30210, 45314","34351, 51526","38050, 57074","38051, 57076","36991, 55486","31431, 47147"
101,SHS,"23315, 34973","15693, 23540","12386, 18579","12689, 19034","10890, 16336","14955, 22433","17762, 26643","18390, 27584","17432, 26148","16102, 24154","15009, 22514","13190, 19785","12475, 18712","10649, 15974","10185, 15277","9901, 14851","10254, 15381","12514, 18771","15067, 22600","26188, 39282","31352, 47029","36212, 54318","38924, 58386","40385, 60578","23915, 35873","21128, 31692"
102,SCR,"9835, 14753","10243, 15365","10488, 15732","10039, 15058","10074, 15110","10584, 15876","11293, 16940","10784, 16175","10353, 15530","9438, 14157","8506, 12758","8058, 12087","7918, 11878","7693, 11540","7332, 10998","6718, 10078","6609, 9913","6585, 9878","6907, 10361","7605, 11408","7896, 11843","9012, 13518","11003, 16505","11229, 16844","10118, 15176","8568, 12852"
103,PPC,"12164, 18245","11711, 17567","11684, 17526","13770, 20654","16038, 24056","17063, 25594","17357, 26035","16595, 24892","15537, 23305","15147, 22721","15048, 22572","16888, 25332","18257, 27386","19452, 29178","20066, 30098","19872, 29808","19671, 29506","19576, 29364","19583, 29374","19050, 28574","18308, 27462","16682, 25023","15794, 23691","15140, 22710","14438, 21657","13949, 20923"
104,IDI,"8786, 13179","7862, 11794","7283, 10924","7148, 10722","6459, 9689","7129, 10693","8900, 13349","10644, 15967","11185, 16777","11674, 17511","11385, 17078","9493, 14240","8933, 13399","8049, 12074","6506, 9760","5411, 8116","4928, 7392","4839, 7259","5383, 8075","5849, 8774","6103, 9155","6474, 9711","8884, 13327","13412, 20118","16163, 24244","16334, 24501"
105,SZC,"0, 0","0, 0","0, 0","0, 0","0, 0","0, 0","0, 0","0, 0","9214, 13821","9753, 14629","11991, 17987","15340, 23010","17070, 25605","17490, 26236","17275, 25912","17574, 26360","19424, 29136","23506, 35259","27410, 41115","31474, 47211","35657, 53486","39794, 59691","47203, 70805","49994, 74991","46493, 69739","43180, 64769"
106,ANV,"5074, 7611","5010, 7514","5019, 7529","5560, 8340","6197, 9295","7074, 10611","8207, 12311","10604, 15905","13662, 20493","17566, 26348","19945, 29918","22798, 34197","24955, 37432","23957, 35935","22302, 33452","16526, 24790","16049, 24073","16387, 24580","17049, 25573","18464, 27697","19039, 28559","21137, 31705","23221, 34832","26601, 39901","32149, 48223","33806, 50710"
107,DHC,"37830, 56745","41979, 62968","38335, 57503","34785, 52177","32059, 48089","36710, 55065","40171, 60257","44478, 66717","48739, 73109","44933, 67400","44063, 66095","42541, 63811","41147, 61721","45327, 67991","47021, 70532","48279, 72419","51182, 76774","54151, 81227","61310, 91966","76825, 115237","87991, 131987","89705, 134558","88266, 132399","82056, 123084","76448, 114672","69515, 104273"
108,L14,"34058, 51087","34430, 51645","34999, 52499","34827, 52240","38899, 58348","39530, 59294","41220, 61830","43524, 65286","39342, 59012","38941, 58412","39680, 59521","40713, 61069","41753, 62629","45300, 67950","45940, 68911","47588, 71382","46895, 70342","46152, 69227","53132, 79698","57201, 85802","67584, 101377","89218, 133827","195380, 293070","193036, 289554","140171, 210257","77055, 115583"
109,PTB,"108509, 162763","120674, 181011","129060, 193590","132671, 199006","132274, 198411","131789, 197683","135030, 202545","140871, 211307","123810, 185715","103392, 155088","107728, 161591","105619, 158428","106671, 160006","108347, 162521","109843, 164764","106925, 160388","97741, 146612","99608, 149411","103857, 155786","105587, 158381","111554, 167331","97041, 145562","98349, 147524","97683, 146525","92586, 138879","69697, 104545"
110,VSC,"58220, 87331","54406, 81609","50634, 75951","50780, 76171","50928, 76392","51374, 77061","49011, 73516","43286, 64930","40957, 61435","41393, 62089","42278, 63416","42834, 64251","40311, 60467","35074, 52610","33067, 49601","32792, 49188","32155, 48233","33498, 50247","40271, 60407","45332, 67997","49883, 74824","52923, 79384","51353, 77029","49514, 74271","49814, 74721","43341, 65011"
111,PAN,"33014, 49521","34781, 52171","35107, 52661","36584, 54876","39155, 58733","40518, 60776","44143, 66215","49895, 74843","52726, 79089","54967, 82451","49874, 74811","43168, 64751","38633, 57950","36233, 54350","35685, 53528","31822, 47733","31265, 46898","30678, 46017","30755, 46132","32225, 48337","33068, 49602","36672, 55009","40469, 60704","42484, 63726","37778, 56666","35224, 52836"
112,HBC,"24613, 36920","28431, 42647","32706, 49058","37498, 56247","46896, 70344","48537, 72805","43479, 65218","37710, 56565","33408, 50113","25558, 38337","25254, 37880","24520, 36780","22899, 34349","20840, 31259","18945, 28417","17169, 25753","16410, 24614","15713, 23569","16293, 24440","19070, 28605","17076, 25614","17561, 26342","18684, 28026","19375, 29062","19450, 29175","17435, 26153"
113,TCM,"23911, 35866","19757, 29636","18934, 28400","19725, 29587","24516, 36774","25608, 38412","26324, 39486","24490, 36734","23447, 35170","22945, 34417","23759, 35639","24814, 37221","23810, 35716","22565, 33847","20236, 30355","19245, 28868","19642, 29463","21375, 32063","24652, 36978","58771, 88156","61061, 91591","60729, 91093","57321, 85982","53456, 80185","46202, 69303","37968, 56952"
114,ASM,"20081, 30122","18057, 27086","16808, 25213","16737, 25106","16237, 24356","14095, 21142","14828, 22241","15447, 23171","15106, 22660","15914, 23872","14630, 21945","14077, 21116","13350, 20025","12509, 18764","10928, 16392","9340, 14011","8477, 12715","8559, 12839","10944, 16416","13898, 20847","15398, 23097","16029, 24043","16356, 24534","16893, 25340","15781, 23671","13971, 20957"
115,BMP,"122325, 183488","134116, 201174","151620, 227430","155636, 233454","151867, 227800","89773, 134660","85466, 128199","77372, 116059","63551, 95326","59130, 88694","58233, 87350","56126, 84189","56269, 84403","55089, 82634","53101, 79651","52858, 79287","53801, 80701","55606, 83409","55727, 83591","52073, 78109","46499, 69749","45015, 67523","45026, 67539","46559, 69838","50442, 75664","51633, 77450"
116,DVN,"0, 0","0, 0","0, 0","0, 0","0, 0","0, 0","0, 0","14038, 21057","13231, 19846","12958, 19437","12513, 18770","11970, 17955","11567, 17350","10844, 16266","10261, 15391","10212, 15319","10281, 15421","11448, 17172","12309, 18463","13637, 20456","14357, 21535","15797, 23695","17513, 26270","17499, 26248","15373, 23060","14867, 22300"
117,OGC,"1722, 2583","1223, 1834","975, 1462","948, 1422","999, 1498","1454, 2181","1475, 2212","1458, 2186","1441, 2162","1568, 2352","1985, 2977","2419, 3628","2489, 3733","2483, 3725","2423, 3635","2357, 3535","2403, 3605","2782, 4173","4225, 6338","4252, 6378","3955, 5933","3959, 5938","4270, 6405","5413, 8119","6621, 9932","6459, 9689"
118,SAM,"7190, 10785","7124, 10687","7099, 10648","7191, 10786","7478, 11217","7660, 11490","6904, 10357","6884, 10326","7207, 10811","7104, 10656","7260, 10890","7490, 11236","7972, 11958","8590, 12885","9192, 13789","9697, 14546","10205, 15308","10234, 15352","10369, 15554","10198, 15296","10075, 15112","10880, 16320","14021, 21031","14728, 22092","12913, 19369","11664, 17496"
119,IJC,"7463, 11195","7963, 11944","7926, 11888","7983, 11974","7774, 11661","7378, 11067","7520, 11280","7610, 11415","7504, 11257","7227, 10840","7254, 10881","7454, 11180","8768, 13152","10781, 16172","10602, 15903","9983, 14974","8596, 12894","8163, 12244","8528, 12792","14848, 22272","16725, 25087","17950, 26924","18691, 28037","18216, 27323","14810, 22215","13021, 19531"
120,AAA,"23060, 34590","23864, 35796","23678, 35518","23787, 35680","24579, 36868","29600, 44400","32514, 48772","37065, 55597","32158, 48237","30978, 46466","32269, 48403","30002, 45003","29790, 44685","28174, 42260","26083, 39124","23028, 34542","22792, 34188","22053, 33079","23097, 34645","26336, 39504","27776, 41664","27755, 41633","27674, 41511","25786, 38679","19563, 29345","18924, 28386"
121,MSH,"0, 0","0, 0","0, 0","0, 0","0, 0","0, 0","0, 0","0, 0","46618, 69926","40062, 60093","45203, 67804","50753, 76129","51930, 77895","53148, 79722","51242, 76863","41492, 62238","34639, 51958","32700, 49050","34808, 52212","39223, 58834","45483, 68224","60211, 90317","65421, 98131","67819, 101728","65344, 98016","43798, 65696"
122,VPG,"0, 0","0, 0","0, 0","0, 0","0, 0","0, 0","0, 0","0, 0","0, 0","18005, 27007","20210, 30315","20004, 30006","17528, 26292","16461, 24692","17147, 25721","17863, 26794","18971, 28456","15199, 22799","15519, 23279","18341, 27512","27892, 41838","38216, 57324","51107, 76661","61361, 92041","55393, 83090","42709, 64063"
123,PET,"10697, 16046","10032, 15047","9275, 13913","9432, 14148","9807, 14710","10025, 15037","10036, 15053","10001, 15001","9602, 14404","8408, 12612","7958, 11937","7580, 11369","6961, 10441","6808, 10212","6744, 10116","7215, 10822","7649, 11473","8713, 13069","9753, 14630","12706, 19058","15240, 22860","18370, 27555","23573, 35360","26866, 40299","28790, 43185","25712, 38568"
124,CTD,"193812, 290718","209945, 314917","205762, 308644","218614, 327920","231967, 347951","234211, 351316","241397, 362095","204700, 307050","176088, 264133","170882, 256323","168992, 253489","156844, 235266","138580, 207870","125206, 187809","103797, 155695","96987, 145480","89523, 134285","85026, 127539","82601, 123902","74093, 111139","72745, 109117","73135, 109702","75497, 113245","77043, 115565","79118, 118677","73999, 110998"
125,FMC,"20739, 31109","20756, 31133","19380, 29070","16689, 25034","16403, 24605","17222, 25833","19389, 29084","22053, 33080","24335, 36503","26459, 39688","26330, 39495","27761, 41642","26603, 39905","28038, 42057","28323, 42484","28723, 43085","31430, 47146","31454, 47181","33414, 50122","36427, 54640","39585, 59377","46822, 70233","57743, 86615","61725, 92588","62334, 93501","53080, 79620"
126,VIX,"33079, 49618","23556, 35334","20455, 30683","15370, 23055","10805, 16207","10491, 15737","9813, 14720","7628, 11441","6739, 10108","6839, 10258","7874, 11811","8405, 12607","8961, 13441","7466, 11199","6336, 9505","6133, 9200","6164, 9245","7927, 11891","12244, 18366","21038, 31557","23886, 35829","30011, 45016","30909, 46363","35732, 53598","26201, 39302","26005, 39008"
127,BMI,"19823, 29734","19339, 29009","19824, 29736","20446, 30669","21441, 32161","22972, 34458","24237, 36356","24388, 36582","22839, 34259","18520, 27780","18011, 27017","18050, 27075","19383, 29075","20132, 30198","20293, 30440","20170, 30255","20075, 30112","21212, 31817","23310, 34964","25834, 38751","28979, 43469","32759, 49139","34307, 51460","33654, 50481","28268, 42403","25273, 37909"
128,TDM,"0, 0","0, 0","32588, 48883","29911, 44866","28837, 43255","26313, 39470","26636, 39955","24652, 36977","22894, 34341","21281, 31921","20845, 31268","23794, 35691","28763, 43145","31175, 46763","29139, 43709","25063, 37595","24198, 36296","24114, 36171","25579, 38369","26170, 39255","26777, 40166","27888, 41832","29851, 44777","31906, 47859","33118, 49676","33360, 50041"
129,MIG,"0, 0","0, 0","0, 0","0, 0","0, 0","0, 0","11344, 17016","11472, 17208","11343, 17015","11315, 16973","11457, 17185","12129, 18193","12607, 18910","12770, 19155","12933, 19400","11995, 17992","11268, 16903","11468, 17202","11859, 17788","14615, 21922","16031, 24047","18519, 27779","21207, 31811","23378, 35068","23242, 34863","22814, 34221"
130,TTF,"18008, 27012","6413, 9620","2781, 4172","2656, 3984","5242, 7864","11048, 16571","13626, 20439","12569, 18854","7097, 10645","5540, 8309","4399, 6598","4115, 6173","4023, 6035","3836, 5754","3151, 4726","2632, 3947","2399, 3599","2808, 4212","4191, 6286","4879, 7318","5553, 8329","6762, 10143","9123, 13685","10540, 15810","10341, 15511","8555, 12832"
131,HTN,"0, 0","0, 0","0, 0","0, 0","0, 0","0, 0","0, 0","0, 0","0, 0","0, 0","0, 0","22307, 33461","21845, 32768","19154, 28732","19161, 28742","19452, 29179","19642, 29463","19931, 29897","23655, 35482","27061, 40592","31516, 47274","36791, 55186","41930, 62895","44930, 67395","38375, 57562","34211, 51317"
132,HAH,"39090, 58635","38002, 57002","36421, 54632","37267, 55900","29220, 43830","29446, 44169","32180, 48270","28383, 42575","26191, 39286","25991, 38986","25572, 38358","18847, 28270","18573, 27859","18175, 27263","17273, 25910","15517, 23276","14753, 22130","13872, 20808","15178, 22767","19287, 28930","25681, 38521","46914, 70371","63301, 94951","74290, 111436","81262, 121893","74902, 112353"
133,DPG,"0, 0","0, 0","0, 0","0, 0","0, 0","0, 0","0, 0","47483, 71224","61655, 92483","60475, 90713","60689, 91033","59313, 88970","51528, 77292","50265, 75398","48374, 72561","35119, 52678","27761, 41642","26279, 39419","26253, 39380","29528, 44293","35700, 53549","44356, 66534","58805, 88208","60736, 91103","52464, 78696","44240, 66359"
134,DRC,"36559, 54838","33665, 50497","30131, 45197","26186, 39278","24166, 36249","22506, 33759","22167, 33251","20976, 31464","20737, 31105","19959, 29939","19138, 28707","18723, 28084","18847, 28270","19494, 29241","19887, 29830","19968, 29953","17956, 26934","17869, 26804","18629, 27943","22466, 33699","24986, 37479","27483, 41225","29189, 43783","29615, 44422","27308, 40962","26131, 39196"
135,TVS,"37982, 56973","23918, 35877","19579, 29369","18721, 28081","12350, 18525","12162, 18242","11972, 17959","11760, 17640","12525, 18787","12973, 19460","13014, 19521","13192, 19789","13007, 19510","11749, 17624","11301, 16951","11767, 17650","12044, 18066","12974, 19462","14353, 21529","19970, 29955","27095, 40642","39768, 59652","58920, 88379","75421, 113132","59935, 89902","55371, 83056"
136,APH,"0, 0","0, 0","0, 0","0, 0","0, 0","0, 0","0, 0","0, 0","0, 0","0, 0","0, 0","0, 0","0, 0","0, 0","0, 0","0, 0","80774, 121161","82794, 124191","70597, 105896","56118, 84178","53303, 79954","50068, 75102","46473, 69709","36276, 54413","24620, 36930","20606, 30909"
137,GIL,"41852, 62778","45951, 68927","48526, 72790","44511, 66766","42202, 63302","37751, 56626","40583, 60875","42528, 63792","45718, 68576","47004, 70506","40789, 61183","38588, 57882","34666, 51998","29856, 44784","28992, 43488","30901, 46351","36927, 55390","42589, 63883","52137, 78206","64106, 96160","64699, 97048","70209, 105314","78841, 118262","88356, 132534","91844, 137765","76802, 115203"
138,DPR,"27845, 41767","28967, 43450","29884, 44826","32488, 48732","34154, 51232","34477, 51715","33505, 50257","32146, 48220","31707, 47561","31468, 47202","31025, 46538","30853, 46280","30832, 46248","31788, 47682","31355, 47032","30786, 46179","31224, 46835","31850, 47775","35145, 52717","37709, 56564","40202, 60303","48497, 72745","54447, 81671","56366, 84549","57245, 85867","55276, 82914"
139,DDV,"9882, 14823","6814, 10222","5621, 8431","5048, 7571","5096, 7644","5470, 8204","5515, 8273","5369, 8054","5348, 8021","5843, 8765","6374, 9561","6394, 9592","6012, 9018","5336, 8004","4857, 7286","4639, 6959","4593, 6889","4722, 7082","5103, 7655","7151, 10726","9870, 14805","12171, 18257","18524, 27785","19338, 29006","16476, 24714","14593, 21889"
140,LDG,"9007, 13511","8347, 12520","8192, 12287","9087, 13630","12941, 19411","15101, 22652","17310, 25965","19093, 28639","19804, 29707","16058, 24087","16338, 24508","15846, 23770","12969, 19454","12123, 18185","11678, 17517","9950, 14925","9192, 13788","8687, 13031","8496, 12743","8491, 12737","8686, 13029","9036, 13553","11327, 16991","12319, 18479","12216, 18323","10332, 15498"
141,DBC,"28436, 42655","31253, 46879","32884, 49326","30708, 46063","27610, 41414","26760, 40141","26333, 39500","24489, 36734","27027, 40540","27675, 41513","28051, 42076","28179, 42268","23971, 35957","23685, 35527","24244, 36365","25605, 38407","33167, 49751","43400, 65100","47896, 71844","51643, 77465","55340, 83010","59414, 89122","60450, 90675","58977, 88465","32289, 48433","30608, 45913"
142,DBD,"29875, 44812","36076, 54114","34529, 51794","35894, 53840","37875, 56812","39776, 59664","41017, 61526","40666, 60999","38910, 58365","34620, 51930","33480, 50219","33393, 50090","34601, 51902","36095, 54143","40748, 61121","41032, 61548","39065, 58597","38062, 57093","37623, 56434","37509, 56263","38708, 58061","40333, 60500","42564, 63846","45138, 67706","45844, 68766","40773, 61160"
143,AGG,"0, 0","0, 0","0, 0","0, 0","0, 0","0, 0","0, 0","0, 0","0, 0","0, 0","0, 0","0, 0","0, 0","0, 0","0, 0","0, 0","0, 0","32732, 49098","37691, 56537","42882, 64323","45668, 68501","49298, 73948","50233, 75350","48375, 72562","40021, 60032","36695, 55043"
144,QCG,"4731, 7097","4202, 6303","4154, 6231","4670, 7005","12076, 18114","14876, 22314","16205, 24307","13336, 20004","9475, 14212","7823, 11735","6697, 10045","5217, 7826","4730, 7096","4631, 6946","4679, 7018","4671, 7006","5501, 8252","5533, 8300","5766, 8650","5822, 8733","5825, 8738","6000, 9000","6538, 9807","7573, 11360","7556, 11334","6324, 9487"
145,LTG,"0, 0","0, 0","0, 0","0, 0","0, 0","34524, 51787","33304, 49956","32984, 49475","32700, 49050","32538, 48807","31830, 47745","25375, 38062","24386, 36580","21177, 31765","20832, 31247","18166, 27249","17444, 26166","18090, 27136","20699, 31049","25085, 37628","30644, 45967","29823, 44735","29710, 44565","28344, 42515","29175, 43763","29483, 44225"
146,FCN,"20354, 30530","20391, 30587","18936, 28404","18439, 27659","18934, 28401","20686, 31029","22781, 34172","23318, 34977","20577, 30866","20138, 30207","19736, 29604","19058, 28587","18565, 27847","18013, 27019","17437, 26156","16341, 24511","16724, 25086","17009, 25513","17680, 26520","16969, 25453","16052, 24078","15818, 23727","16690, 25035","16681, 25021","16429, 24643","14697, 22046"
147,TNG,"15690, 23535","14962, 22443","14393, 21589","13777, 20665","13776, 20664","14203, 21305","14467, 21701","15201, 22801","15538, 23307","16984, 25476","19186, 28779","21059, 31588","22230, 33346","20127, 30190","18203, 27305","17727, 26591","16646, 24970","16891, 25337","17324, 25987","19895, 29842","21796, 32693","24798, 37197","29719, 44579","31508, 47263","31425, 47137","29265, 43897"
148,TCD,"0, 0","0, 0","0, 0","0, 0","18342, 27513","16408, 24613","13069, 19603","8260, 12390","5969, 8954","6921, 10382","9109, 13664","12997, 19495","14125, 21188","13406, 20109","10701, 16051","9471, 14206","12328, 18492","16816, 25224","22080, 33120","26609, 39914","27480, 41219","24060, 36090","23240, 34860","24784, 37176","20124, 30186","19128, 28693"
149,POM,"6392, 9589","6521, 9782","7087, 10631","9172, 13758","12144, 18216","13224, 19835","13935, 20902","14398, 21597","14184, 21275","13329, 19993","10959, 16438","8772, 13158","7927, 11890","6572, 9859","6014, 9021","5640, 8460","5319, 7979","5455, 8182","6449, 9674","11962, 17944","14693, 22039","15914, 23870","14745, 22117","13750, 20625","9353, 14029","7558, 11336"
150,KSB,"39823, 59734","50300, 75451","54635, 81952","58626, 87939","49950, 74925","50169, 75254","50386, 75579","50516, 75774","49369, 74054","48763, 73145","47791, 71686","45352, 68028","41266, 61899","42813, 64219","41128, 61692","41741, 62611","42278, 63416","44535, 66802","45435, 68152","42884, 64326","39343, 59014","38282, 57424","38412, 57618","36579, 54869","32049, 48074","25882, 38824"
151,HQC,"6372, 9558","5944, 8916","5647, 8470","4037, 6056","3657, 5486","3350, 5025","3109, 4664","2757, 4135","2107, 3160","1794, 2692","1708, 2561","1636, 2454","1572, 2359","1482, 2224","1321, 1981","1281, 1921","1299, 1948","1559, 2339","1638, 2458","2131, 3197","2619, 3928","3174, 4761","4430, 6645","4653, 6980","4529, 6793","3448, 5171"
152,FIT,"11514, 17271","8952, 13428","6892, 10338","6516, 9774","5964, 8946","6921, 10381","7018, 10527","6699, 10049","5672, 8508","4520, 6779","4034, 6051","3694, 5541","3544, 5317","3656, 5485","4153, 6230","5331, 7997","6802, 10204","7019, 10528","7456, 11184","8168, 12251","9486, 14229","10145, 15217","10596, 15894","10825, 16237","8618, 12927","7183, 10774"
153,VDS,"35535, 53303","24912, 37368","20325, 30487","18694, 28040","16840, 25259","11994, 17992","12309, 18464","10367, 15551","10019, 15028","9180, 13770","8663, 12994","7937, 11906","7865, 11798","8052, 12078","7558, 11338","7231, 10847","6663, 9995","6928, 10392","8603, 12905","13539, 20308","18371, 27556","28700, 43050","32748, 49123","33295, 49942","21047, 31571","14625, 21938"
154,PLC,"19293, 28940","20649, 30973","22778, 34167","25567, 38350","26372, 39558","25661, 38491","25381, 38071","21784, 32676","19004, 28506","18393, 27589","17745, 26618","17249, 25874","17513, 26270","16481, 24721","17411, 26117","18210, 27315","18210, 27315","19494, 29241","20238, 30357","21314, 31971","24240, 36360","30141, 45211","36599, 54898","36140, 54210","26512, 39768","22073, 33109"
155,LCG,"5626, 8439","5385, 8078","5542, 8313","6032, 9049","8158, 12238","9507, 14260","10455, 15682","10847, 16270","10662, 15993","9984, 14977","9577, 14365","8888, 13331","8396, 12593","8336, 12504","7911, 11867","7933, 11899","8573, 12859","9551, 14326","11140, 16710","12196, 18294","13330, 19995","14428, 21641","15159, 22739","14558, 21837","11849, 17773","9584, 14376"
156,HHS,"14931, 22397","10111, 15167","8005, 12008","6087, 9130","5659, 8488","5419, 8128","4476, 6713","4309, 6464","3917, 5875","3690, 5535","3599, 5399","3488, 5232","3243, 4864","3044, 4566","3056, 4584","3182, 4773","3710, 5565","4009, 6014","4283, 6425","4831, 7247","5130, 7695","5418, 8127","6015, 9022","6106, 9159","5610, 8414","5107, 7661"
157,TV2,"105806, 158709","138967, 208451","181253, 271879","207169, 310753","182851, 274277","133964, 200946","132007, 198011","125824, 188736","113420, 170130","120602, 180903","131975, 197962","148993, 223490","146716, 220075","111053, 166579","102587, 153880","90710, 136065","93934, 140902","94083, 141124","97032, 145547","103179, 154768","112160, 168240","117088, 175633","120462, 180692","111924, 167885","89957, 134936","76510, 114765"
158,TIG,"11282, 16922","8593, 12890","6236, 9354","5848, 8772","4901, 7352","4625, 6937","4258, 6388","3742, 5612","3301, 4951","2991, 4486","2939, 4408","3050, 4576","3347, 5020","3984, 5977","4722, 7083","5768, 8651","6087, 9131","6252, 9378","6909, 10364","7428, 11141","11370, 17055","14358, 21537","18480, 27720","22433, 33649","19901, 29852","16504, 24756"
159,VOS,"1808, 2712","1419, 2129","1183, 1775","1088, 1633","1059, 1588","1413, 2119","1585, 2377","1508, 2263","1462, 2193","1398, 2096","1360, 2041","1346, 2019","1396, 2095","1381, 2071","1353, 2029","1318, 1977","1223, 1834","1179, 1768","1214, 1822","2363, 3544","2984, 4477","8431, 12647","13314, 19971","14407, 21611","12896, 19344","12363, 18544"
160,CSV,"18653, 27979","21378, 32068","22942, 34413","24182, 36272","25298, 37947","27899, 41848","29785, 44677","30146, 45219","29846, 44768","28175, 42262","26111, 39167","25555, 38332","25110, 37664","23339, 35009","20927, 31390","21074, 31611","20935, 31403","21840, 32759","24422, 36634","24823, 37235","26065, 39098","29626, 44439","39046, 58569","43092, 64638","43327, 64990","42660, 63990"
161,SHI,"9367, 14050","8824, 13235","8843, 13265","8964, 13446","9045, 13568","8590, 12884","7614, 11421","7149, 10724","6982, 10473","7177, 10766","7367, 11050","7837, 11756","8395, 12592","8684, 13025","8645, 12968","8740, 13111","8687, 13030","8866, 13299","9311, 13966","10229, 15344","15035, 22552","17019, 25528","17669, 26503","16591, 24887","14354, 21530","14262, 21394"
162,PSH,"0, 0","0, 0","0, 0","0, 0","0, 0","0, 0","0, 0","0, 0","0, 0","0, 0","0, 0","0, 0","0, 0","0, 0","0, 0","0, 0","0, 0","14774, 22161","14536, 21804","15785, 23678","15731, 23597","16483, 24724","17003, 25505","15231, 22847","12314, 18471","9860, 14790"
163,LHG,"18014, 27021","18629, 27944","18855, 28282","17434, 26151","16659, 24988","17196, 25794","18178, 27267","18615, 27923","19594, 29391","18813, 28219","18403, 27604","17784, 26676","16916, 25373","16229, 24343","15089, 22633","15771, 23656","16883, 25324","20788, 31182","25174, 37761","28945, 43418","32873, 49309","37795, 56693","38709, 58064","38541, 57812","31605, 47408","28567, 42850"
164,SGT,"4022, 6032","3813, 5719","3851, 5776","4070, 6105","5572, 8358","5698, 8547","5804, 8706","5231, 7847","4798, 7197","4595, 6893","4686, 7028","4969, 7454","5344, 8016","5396, 8094","5096, 7645","4883, 7324","5050, 7575","5314, 7971","5842, 8764","11734, 17601","13307, 19961","15823, 23735","20290, 30434","20668, 31001","19950, 29924","20503, 30755"
165,SMC,"8869, 13304","13138, 19708","18465, 27697","21512, 32268","22504, 33756","25388, 38082","26762, 40143","28289, 42434","25415, 38122","18207, 27311","16841, 25261","14328, 21492","13546, 20319","12151, 18227","11129, 16694","10767, 16151","10622, 15933","11649, 17474","14447, 21670","26461, 39691","41190, 61784","44557, 66835","46925, 70387","37834, 56751","26806, 40210","20136, 30204"
166,BCC,"13922, 20884","14085, 21127","14368, 21552","14257, 21386","13924, 20886","10266, 15399","8661, 12992","7694, 11542","7237, 10856","7182, 10773","7261, 10892","7586, 11378","7987, 11981","8044, 12066","6727, 10091","6621, 9932","6533, 9800","6504, 9757","6705, 10058","7675, 11513","8695, 13042","10300, 15450","13914, 20870","14168, 21252","12334, 18501","11277, 16915"
167,TNH,"0, 0","0, 0","0, 0","0, 0","0, 0","0, 0","0, 0","0, 0","0, 0","0, 0","0, 0","0, 0","0, 0","0, 0","0, 0","0, 0","32995, 49493","34636, 51953","25018, 37527","25402, 38103","27390, 41085","33720, 50581","40510, 60764","41067, 61601","38407, 57611","36358, 54537"
168,EVS,"0, 0","0, 0","0, 0","0, 0","0, 0","0, 0","0, 0","0, 0","0, 0","12689, 19034","11902, 17852","11061, 16591","10874, 16311","10126, 15190","9071, 13606","7719, 11578","6455, 9682","5440, 8160","5498, 8247","8589, 12883","20517, 30776","42626, 63939","53980, 80970","50080, 75120","31594, 47391","21435, 32153"
169,BVS,"36262, 54394","28684, 43026","21968, 32952","21938, 32907","20126, 30189","19861, 29791","28561, 42842","30979, 46469","31724, 47586","23857, 35786","16618, 24927","12423, 18635","11046, 16569","10337, 15505","10430, 15645","10373, 15560","10443, 15664","10901, 16352","12021, 18031","19578, 29366","24277, 36415","30238, 45357","32159, 48239","32381, 48572","21969, 32954","19104, 28656"
170,TTA,"0, 0","0, 0","0, 0","0, 0","0, 0","0, 0","0, 0","0, 0","0, 0","0, 0","0, 0","0, 0","0, 0","0, 0","0, 0","0, 0","0, 0","0, 0","0, 0","0, 0","0, 0","12301, 18452","12379, 18569","12186, 18279","11377, 17065","10337, 15505"
171,BFC,"32131, 48197","32018, 48027","30450, 45676","29645, 44468","29811, 44717","30094, 45141","29902, 44853","28591, 42887","26552, 39827","23949, 35924","23247, 34871","21567, 32351","19506, 29260","16679, 25019","16124, 24186","14743, 22114","14705, 22058","14961, 22441","16710, 25066","17840, 26759","22668, 34002","27404, 41106","30873, 46309","31102, 46654","26393, 39589","21497, 32246"
172,CKG,"0, 0","0, 0","0, 0","0, 0","0, 0","0, 0","0, 0","0, 0","0, 0","0, 0","0, 0","0, 0","0, 0","10268, 15402","19946, 29919","26398, 39597","30281, 45422","17949, 26924","16846, 25269","15187, 22781","15748, 23623","16894, 25340","20470, 30705","19886, 29828","19607, 29411","0, 0"
173,NTL,"8506, 12759","8169, 12253","8282, 12423","8301, 12451","8392, 12588","8606, 12909","8634, 12951","8638, 12957","8546, 12819","8705, 13058","9045, 13567","12912, 19368","14880, 22320","15231, 22846","15173, 22760","14373, 21559","12932, 19398","13582, 20374","14861, 22292","19196, 28794","21441, 32161","24264, 36396","25978, 38966","26020, 39030","20905, 31358","18791, 28187"
174,CSC,"10887, 16330","11580, 17369","12323, 18484","19196, 28794","23334, 35001","25133, 37699","26433, 39650","23851, 35776","23263, 34895","23811, 35717","23554, 35332","17114, 25672","16090, 24136","16854, 25282","17327, 25990","20077, 30116","20127, 30190","18805, 28207","19128, 28693","23769, 35653","43968, 65952","76636, 114954","103368, 155052","114136, 171204","76181, 114272","66335, 99502"
175,C4G,"0, 0","0, 0","0, 0","0, 0","0, 0","0, 0","0, 0","0, 0","0, 0","0, 0","8344, 12516","7807, 11710","6902, 10353","6214, 9321","5024, 7536","5158, 7737","5971, 8957","6877, 10316","7543, 11315","8014, 12022","8486, 12729","9241, 13861","11241, 16862","12479, 18719","12554, 18831","11468, 17202"
176,CMX,"4723, 7084","4155, 6232","3534, 5301","3192, 4788","3163, 4745","3790, 5685","4139, 6208","4523, 6784","5134, 7701","5929, 8893","10887, 16331","16149, 24224","20460, 30690","23129, 34693","17100, 25650","15759, 23638","15875, 23812","15690, 23535","15174, 22761","14025, 21038","13907, 20861","16422, 24633","19491, 29236","22597, 33895","23737, 35605","18891, 28337"
177,TSC,"19221, 28832","14570, 21856","10227, 15340","6431, 9647","4761, 7141","4116, 6174","3170, 4755","2468, 3701","2054, 3081","1872, 2809","1742, 2613","1627, 2440","1601, 2402","1745, 2617","1966, 2948","2101, 3151","2205, 3308","2286, 3429","2418, 3627","2951, 4426","6531, 9796","7775, 11663","9574, 14360","8768, 13152","7514, 11272","5690, 8534"
178,CTF,"0, 0","0, 0","0, 0","0, 0","0, 0","0, 0","23148, 34722","19274, 28911","19058, 28587","20868, 31302","29099, 43649","37659, 56488","42738, 64107","39626, 59439","33305, 49957","29489, 44234","27053, 40579","27467, 41201","28697, 43045","26720, 40080","26324, 39485","24378, 36567","23598, 35398","22479, 33718","23557, 35335","24257, 36386"
179,LAS,"19988, 29981","14968, 22452","13552, 20327","13541, 20312","13866, 20799","13665, 20497","11528, 17292","11068, 16602","10057, 15086","9521, 14281","9352, 14028","8870, 13305","7924, 11886","6953, 10430","6459, 9689","6065, 9097","5670, 8505","5602, 8404","6144, 9216","6935, 10403","8927, 13391","11464, 17196","13739, 20609","13884, 20826","11723, 17585","10444, 15666"
180,DCL,"30965, 46447","26477, 39715","26145, 39217","25902, 38853","24618, 36926","24370, 36555","27024, 40537","27410, 41115","24922, 37382","22201, 33302","21197, 31795","20313, 30470","19726, 29589","20345, 30518","20663, 30994","22350, 33524","22716, 34074","22305, 33458","21786, 32679","24055, 36083","25791, 38686","28419, 42628","28420, 42630","29157, 43736","25850, 38775","25487, 38231"
181,TDC,"4802, 7202","4580, 6871","4628, 6941","5120, 7680","6012, 9018","6564, 9846","6920, 10380","7205, 10808","7154, 10731","6789, 10183","6366, 9550","6125, 9187","5939, 8909","6056, 9085","6202, 9304","6301, 9451","6382, 9572","6352, 9529","6626, 9939","10276, 15414","10756, 16134","11587, 17380","12473, 18710","12382, 18573","12527, 18790","8430, 12644"
182,APG,"19122, 28683","15968, 23952","13636, 20454","7847, 11770","7305, 10958","7147, 10721","7023, 10535","5119, 7679","4835, 7253","5082, 7623","8059, 12088","10888, 16333","13037, 19555","13910, 20864","12914, 19370","11680, 17520","10579, 15868","10098, 15148","9917, 14876","10307, 15460","13394, 20090","19241, 28862","32932, 49398","42988, 64481","29184, 43775","24880, 37320"
183,IBC,"0, 0","0, 0","0, 0","0, 0","0, 0","0, 0","74970, 112456","84321, 126481","45896, 68844","25663, 38494","25710, 38565","25061, 37592","26112, 39169","24188, 36282","22123, 33184","20532, 30798","17712, 26568","17473, 26210","16964, 25446","17630, 26445","18876, 28314","19781, 29672","21269, 31904","21062, 31593","21086, 31630","19711, 29567"
184,DLG,"7351, 11027","6189, 9283","5187, 7780","4677, 7016","4674, 7011","4743, 7115","4298, 6447","3802, 5703","3287, 4931","2994, 4491","2688, 4032","2330, 3495","2208, 3311","2124, 3187","2066, 3099","1948, 2922","1811, 2717","1675, 2513","1598, 2397","1721, 2581","2279, 3418","2506, 3758","4238, 6357","4074, 6111","3366, 5049","2642, 3963"
185,APS,"7912, 11869","4937, 7405","3930, 5895","3842, 5763","3064, 4597","3048, 4572","3042, 4563","2862, 4293","2694, 4041","2600, 3900","2581, 3871","2484, 3726","2367, 3551","2071, 3106","1890, 2836","1879, 2819","1981, 2971","2170, 3256","2487, 3731","5371, 8057","10300, 15450","20584, 30876","37045, 55567","42598, 63897","20770, 31154","12668, 19003"
186,NRC,"0, 0","0, 0","0, 0","0, 0","0, 0","0, 0","0, 0","0, 0","0, 0","0, 0","40619, 60928","51747, 77620","50488, 75732","47819, 71729","33894, 50842","20269, 30404","15965, 23947","15464, 23196","15253, 22879","20833, 31249","24910, 37366","31509, 47263","29865, 44798","28919, 43378","22194, 33291","20141, 30211"
187,D2D,"25447, 38171","30169, 45253","33236, 49854","34325, 51487","35491, 53236","37856, 56784","43433, 65149","45298, 67948","44617, 66925","49552, 74327","59757, 89635","74469, 111704","89871, 134806","93619, 140428","77296, 115944","54393, 81589","49468, 74202","47267, 70900","47985, 71977","46715, 70072","44463, 66695","44141, 66211","44505, 66757","42876, 64314","38307, 57461","32854, 49281"
188,ACL,"7853, 11780","7739, 11608","7573, 11359","7787, 11681","7906, 11859","7936, 11904","8190, 12285","8285, 12427","9346, 14019","11907, 17861","24328, 36491","32714, 49071","35043, 52564","30023, 45034","20744, 31115","19018, 28527","17125, 25687","13823, 20735","13060, 19590","12576, 18864","12430, 18645","12880, 19320","14434, 21651","16564, 24845","17403, 26105","17811, 26717"
189,TLH,"5447, 8171","7299, 10948","9177, 13765","10875, 16312","11563, 17345","11485, 17228","11072, 16608","10782, 16173","9806, 14709","7485, 11227","6607, 9910","5671, 8507","5358, 8037","5222, 7833","4775, 7163","4007, 6010","3734, 5601","3421, 5131","4122, 6183","6531, 9797","11991, 17986","15768, 23652","16321, 24482","16601, 24902","11087, 16631","8988, 13482"
190,G36,"0, 0","13872, 20807","15811, 23716","13371, 20056","11890, 17834","8415, 12623","7297, 10946","5922, 8883","4951, 7427","4642, 6963","4474, 6712","4438, 6657","4340, 6510","4231, 6347","4006, 6009","3783, 5674","3741, 5612","4038, 6057","5670, 8505","6433, 9650","6974, 10461","7456, 11183","8349, 12523","8571, 12856","8024, 12036","6388, 9582"
191,IDJ,"1900, 2850","1759, 2638","1813, 2719","1874, 2811","2064, 3095","2214, 3321","2213, 3320","2298, 3446","2323, 3485","2527, 3790","2728, 4093","3525, 5287","4937, 7406","6593, 9889","10826, 16238","13521, 20282","14915, 22373","16930, 25395","18405, 27607","19281, 28921","22210, 33316","25479, 38218","30131, 45196","33975, 50962","24691, 37037","22323, 33484"
192,TVB,"29951, 44927","26812, 40218","20558, 30837","16454, 24681","13886, 20829","14992, 22489","17492, 26237","21257, 31886","25349, 38023","28222, 42333","33659, 50488","31802, 47703","32943, 49414","39157, 58735","37283, 55924","38978, 58467","32442, 48663","30958, 46437","32617, 48925","33794, 50691","37926, 56889","45104, 67656","48464, 72695","49724, 74586","37243, 55864","32360, 48540"
193,SBS,"4583, 6875","2672, 4007","1863, 2795","1797, 2696","1423, 2134","1897, 2846","2045, 3068","1937, 2906","1806, 2709","1623, 2434","1572, 2358","1498, 2247","1443, 2165","1289, 1933","1146, 1719","1094, 1642","1044, 1566","1205, 1807","1456, 2184","5420, 8130","7825, 11737","11568, 17353","11315, 16973","9540, 14310","6636, 9953","5408, 8112"
194,HAX,"25558, 38338","34922, 52382","41270, 61905","44200, 66299","42785, 64177","35198, 52797","35699, 53548","36475, 54713","25106, 37659","26090, 39135","27452, 41177","28107, 42160","25992, 38988","22312, 33468","19708, 29562","17265, 25897","16638, 24957","16806, 25210","19111, 28667","20692, 31038","21062, 31593","24993, 37490","28789, 43184","29969, 44954","27749, 41623","27377, 41066"
195,ABS,"0, 0","0, 0","0, 0","0, 0","0, 0","0, 0","0, 0","0, 0","0, 0","0, 0","0, 0","0, 0","0, 0","10646, 15969","16784, 25176","10622, 15933","8636, 12955","10780, 16171","15059, 22589","30344, 45517","35819, 53728","29895, 44843","26081, 39122","22373, 33560","14422, 21633","13139, 19709"
196,VNE,"9289, 13934","7897, 11846","7851, 11776","8006, 12009","7997, 11996","7886, 11829","7387, 11081","6768, 10152","6005, 9008","5679, 8519","5051, 7576","4336, 6505","4008, 6012","3753, 5630","3648, 5472","3550, 5325","3962, 5943","4546, 6819","5135, 7703","6650, 9975","8686, 13029","10754, 16131","12559, 18839","12227, 18341","9506, 14258","8209, 12314"
197,ITC,"7904, 11857","8944, 13417","10139, 15209","11056, 16584","10824, 16235","11214, 16821","11338, 17007","11379, 17068","11525, 17288","10900, 16350","10640, 15959","10775, 16162","11804, 17706","13944, 20915","14720, 22081","14589, 21884","13248, 19872","13049, 19573","12905, 19357","12446, 18668","12001, 18001","12362, 18543","13435, 20152","13543, 20315","12176, 18264","10248, 15372"
198,NHA,"10006, 15009","10023, 15034","9407, 14111","8862, 13292","8946, 13419","9366, 14048","9740, 14610","9705, 14558","9093, 13639","8486, 12728","8234, 12351","8164, 12246","7911, 11867","7709, 11564","8429, 12643","9405, 14108","11760, 17640","13750, 20624","15134, 22702","20989, 31483","23783, 35674","28898, 43347","37029, 55543","42579, 63869","35675, 53512","29887, 44830"
199,EVG,"0, 0","0, 0","0, 0","0, 0","0, 0","8130, 12195","6925, 10387","4810, 7215","5535, 8303","5583, 8375","5334, 8001","4538, 6807","3957, 5935","3335, 5002","3036, 4555","3029, 4544","3203, 4804","4537, 6806","5945, 8918","10279, 15419","12855, 19282","15648, 23472","16844, 25266","16976, 25464","11282, 16923","10057, 15085"
200,VGS,"7219, 10829","7995, 11993","9062, 13594","9544, 14317","8720, 13080","7929, 11893","8125, 12187","8210, 12315","8252, 12378","8255, 12382","8179, 12268","7775, 11662","7553, 11330","7188, 10783","7205, 10807","6994, 10491","7225, 10837","7702, 11553","8404, 12607","12201, 18302","15595, 23393","19352, 29028","26694, 40040","27624, 41437","19115, 28673","15170, 22755"
201,DRH,"37491, 56237","46222, 69334","34054, 51081","31978, 47967","33148, 49722","29505, 44257","29199, 43798","26093, 39140","27258, 40886","25033, 37549","23959, 35938","21417, 32125","18711, 28066","18717, 28075","17821, 26732","17295, 25942","17402, 26102","17259, 25889","16717, 25076","16717, 25075","16217, 24325","15562, 23344","18980, 28470","20340, 30510","17581, 26371","14319, 21478"
202,VPH,"8522, 12783","7369, 11054","7305, 10957","7678, 11517","9454, 14181","10316, 15474","10629, 15943","10542, 15812","9052, 13578","7953, 11930","7165, 10748","6691, 10036","6004, 9006","5352, 8028","4892, 7338","4809, 7214","4869, 7304","4955, 7433","4934, 7401","5273, 7910","5499, 8248","6065, 9097","7673, 11510","7702, 11552","7265, 10898","6600, 9900"
