date,symbol,open,high,low,close,volume
2017-02-02,HOSE:CII,31200.0,31300.0,30700.0,31300.0,562330.0
2017-02-03,HOSE:CII,31300.0,31600.0,30800.0,31000.0,442010.0
2017-02-06,HOSE:CII,31100.0,31100.0,30750.0,30950.0,472030.0
2017-02-07,HOSE:CII,31100.0,31300.0,30850.0,30900.0,1010000.0
2017-02-08,HOSE:CII,30900.0,31250.0,30750.0,31250.0,2441480.0
2017-02-09,HOSE:CII,31100.0,31300.0,30800.0,31200.0,2442850.0
2017-02-10,HOSE:CII,31200.0,31200.0,30650.0,30750.0,2167990.0
2017-02-13,HOSE:CII,30800.0,30950.0,30750.0,30850.0,1527510.0
2017-02-14,HOSE:CII,31000.0,31000.0,30850.0,30900.0,522040.0
2017-02-15,HOSE:CII,30900.0,31300.0,30850.0,31300.0,1509990.0
2017-02-16,HOSE:CII,31500.0,32800.0,31500.0,32800.0,3493380.0
2017-02-17,HOSE:CII,32900.0,33200.0,32600.0,33000.0,2334900.0
2017-02-20,HOSE:CII,33000.0,33200.0,32400.0,33100.0,1460320.0
2017-02-21,HOSE:CII,33050.0,33600.0,32950.0,33600.0,1919260.0
2017-02-22,HOSE:CII,33600.0,35950.0,32500.0,35900.0,4098790.0
2017-02-23,HOSE:CII,35900.0,38400.0,35450.0,38100.0,2563610.0
2017-02-24,HOSE:CII,37400.0,37800.0,35450.0,35450.0,4182600.0
2017-02-27,HOSE:CII,35000.0,37500.0,34700.0,37300.0,1499600.0
2017-02-28,HOSE:CII,37300.0,37300.0,35200.0,35200.0,2231620.0
2017-03-01,HOSE:CII,35200.0,35700.0,33600.0,33700.0,2486020.0
2017-03-02,HOSE:CII,34350.0,34400.0,33800.0,34000.0,2535120.0
2017-03-03,HOSE:CII,34000.0,34200.0,33500.0,34000.0,1846580.0
2017-03-06,HOSE:CII,33700.0,34000.0,33400.0,33550.0,1469470.0
2017-03-07,HOSE:CII,33600.0,35850.0,33300.0,35850.0,2982940.0
2017-03-08,HOSE:CII,36000.0,36800.0,35850.0,36600.0,3106900.0
2017-03-09,HOSE:CII,36600.0,39100.0,36600.0,38800.0,5933860.0
2017-03-10,HOSE:CII,38000.0,38500.0,37500.0,38150.0,1488120.0
2017-03-13,HOSE:CII,37500.0,38000.0,36600.0,37600.0,923790.0
2017-03-14,HOSE:CII,38000.0,38100.0,37650.0,38000.0,2305400.0
2017-03-15,HOSE:CII,38000.0,38050.0,36900.0,37100.0,3568560.0
2017-03-16,HOSE:CII,37500.0,37500.0,37000.0,37450.0,1199520.0
2017-03-17,HOSE:CII,37250.0,37450.0,36650.0,36750.0,1477150.0
2017-03-20,HOSE:CII,37000.0,37900.0,36900.0,37600.0,2813890.0
2017-03-21,HOSE:CII,37600.0,39600.0,37000.0,39000.0,3564690.0
2017-03-22,HOSE:CII,39000.0,39500.0,37600.0,39500.0,2258610.0
2017-03-23,HOSE:CII,38650.0,39600.0,37500.0,37500.0,2522020.0
2017-03-24,HOSE:CII,37500.0,39150.0,37500.0,38000.0,3087670.0
2017-03-27,HOSE:CII,38300.0,38850.0,37900.0,38550.0,1140590.0
2017-03-28,HOSE:CII,38550.0,39000.0,38500.0,38800.0,1097120.0
2017-03-29,HOSE:CII,38800.0,38800.0,37950.0,38200.0,2268180.0
2017-03-30,HOSE:CII,38150.0,38200.0,37600.0,37600.0,2026180.0
2017-03-31,HOSE:CII,37800.0,38200.0,37600.0,37700.0,1327760.0
2017-04-03,HOSE:CII,39000.0,39000.0,38300.0,38450.0,2583490.0
2017-04-04,HOSE:CII,39000.0,39050.0,38500.0,38500.0,2178030.0
2017-04-05,HOSE:CII,38500.0,38950.0,38150.0,38150.0,1277070.0
2017-04-07,HOSE:CII,38200.0,38500.0,38200.0,38200.0,1046020.0
2017-04-10,HOSE:CII,38200.0,38300.0,37750.0,37950.0,4411530.0
2017-04-11,HOSE:CII,37900.0,38300.0,37650.0,37700.0,3693881.0
2017-04-12,HOSE:CII,37950.0,37950.0,36900.0,36950.0,1129480.0
2017-04-13,HOSE:CII,37000.0,37000.0,35700.0,35700.0,2101510.0
2017-04-14,HOSE:CII,35700.0,36600.0,34700.0,36400.0,1224470.0
2017-04-17,HOSE:CII,36400.0,36500.0,34900.0,35100.0,1621840.0
2017-04-18,HOSE:CII,35200.0,36000.0,35100.0,35950.0,1280330.0
2017-04-19,HOSE:CII,36000.0,36350.0,35900.0,36200.0,1033110.0
2017-04-20,HOSE:CII,36300.0,36600.0,35850.0,36400.0,933930.0
2017-04-21,HOSE:CII,36450.0,36700.0,36100.0,36400.0,702720.0
2017-04-24,HOSE:CII,36600.0,36800.0,36200.0,36600.0,492600.0
2017-04-25,HOSE:CII,36700.0,36900.0,36300.0,36500.0,840610.0
2017-04-26,HOSE:CII,36600.0,36650.0,36400.0,36650.0,548440.0
2017-04-27,HOSE:CII,36750.0,37850.0,36650.0,36950.0,1572630.0
2017-04-28,HOSE:CII,36950.0,38200.0,36950.0,38200.0,2437490.0
2017-05-03,HOSE:CII,38300.0,38400.0,37800.0,38000.0,765520.0
2017-05-04,HOSE:CII,38200.0,38200.0,37400.0,37400.0,584320.0
2017-05-05,HOSE:CII,37200.0,38350.0,37100.0,38250.0,2741580.0
2017-05-08,HOSE:CII,38300.0,38800.0,37950.0,38800.0,1534010.0
2017-05-09,HOSE:CII,39000.0,39000.0,38300.0,38400.0,1061750.0
2017-05-10,HOSE:CII,38400.0,38700.0,38200.0,38400.0,924620.0
2017-05-11,HOSE:CII,38500.0,39850.0,38300.0,39750.0,2380290.0
2017-05-12,HOSE:CII,39800.0,40300.0,38800.0,38800.0,2483700.0
2017-05-15,HOSE:CII,39000.0,39500.0,38800.0,38900.0,1269270.0
2017-05-16,HOSE:CII,38900.0,39200.0,38400.0,39100.0,1628810.0
2017-05-17,HOSE:CII,39200.0,40400.0,39150.0,40400.0,2183800.0
2017-05-18,HOSE:CII,39700.0,40500.0,39200.0,39200.0,917040.0
2017-05-19,HOSE:CII,39500.0,39700.0,38750.0,38750.0,1500970.0
2017-05-22,HOSE:CII,37700.0,38500.0,37500.0,38400.0,1998520.0
2017-05-23,HOSE:CII,38000.0,38750.0,37450.0,37700.0,1354880.0
2017-05-24,HOSE:CII,37500.0,39800.0,37300.0,39650.0,3872660.0
2017-05-25,HOSE:CII,39650.0,40700.0,38800.0,39300.0,4597870.0
2017-05-26,HOSE:CII,39900.0,40000.0,39300.0,39300.0,1050670.0
2017-05-29,HOSE:CII,39500.0,40200.0,39050.0,40150.0,2581350.0
2017-05-30,HOSE:CII,39500.0,40300.0,38800.0,39000.0,4426380.0
2017-05-31,HOSE:CII,39400.0,39400.0,38900.0,39000.0,1424480.0
2017-06-01,HOSE:CII,39000.0,39350.0,38700.0,38800.0,3152900.0
2017-06-02,HOSE:CII,38800.0,39250.0,38350.0,39250.0,2443310.0
2017-06-05,HOSE:CII,39600.0,40000.0,38950.0,40000.0,3008110.0
2017-06-06,HOSE:CII,40000.0,40100.0,39800.0,40000.0,1587810.0
2017-06-07,HOSE:CII,40000.0,40000.0,39500.0,39800.0,1670800.0
2017-06-08,HOSE:CII,39500.0,39900.0,39300.0,39300.0,1220530.0
2017-06-09,HOSE:CII,39850.0,39850.0,38950.0,39000.0,1780720.0
2017-06-12,HOSE:CII,39000.0,39200.0,38800.0,39000.0,1209510.0
2017-06-13,HOSE:CII,39000.0,39100.0,38700.0,38700.0,821110.0
2017-06-14,HOSE:CII,38700.0,39000.0,38600.0,38700.0,816860.0
2017-06-15,HOSE:CII,39000.0,39000.0,38250.0,38400.0,757100.0
2017-06-16,HOSE:CII,39200.0,39200.0,38000.0,38000.0,1571590.0
2017-06-19,HOSE:CII,38400.0,39200.0,37700.0,37800.0,4810830.0
2017-06-20,HOSE:CII,38000.0,38300.0,37650.0,38300.0,1348610.0
2017-06-21,HOSE:CII,38300.0,38300.0,37500.0,37850.0,1019160.0
2017-06-22,HOSE:CII,37950.0,37950.0,37550.0,37550.0,989210.0
2017-06-23,HOSE:CII,37700.0,37900.0,36500.0,36750.0,1765500.0
2017-06-26,HOSE:CII,36700.0,36700.0,35850.0,36000.0,1862820.0
2017-06-27,HOSE:CII,36000.0,36000.0,35200.0,35200.0,1317470.0
2017-06-28,HOSE:CII,35200.0,35600.0,35100.0,35500.0,1164540.0
2017-06-29,HOSE:CII,35500.0,36800.0,35500.0,36500.0,1166180.0
2017-06-30,HOSE:CII,37000.0,37250.0,36700.0,37200.0,610000.0
2017-07-03,HOSE:CII,37500.0,37500.0,37250.0,37250.0,714800.0
2017-07-04,HOSE:CII,37400.0,37400.0,36600.0,37000.0,239320.0
2017-07-05,HOSE:CII,37200.0,37750.0,37200.0,37700.0,483160.0
2017-07-06,HOSE:CII,38150.0,38150.0,37600.0,37850.0,297250.0
2017-07-07,HOSE:CII,38100.0,38100.0,37400.0,37400.0,336760.0
2017-07-10,HOSE:CII,37400.0,37500.0,36800.0,36800.0,322850.0
2017-07-11,HOSE:CII,36600.0,37000.0,36500.0,37000.0,384780.0
2017-07-12,HOSE:CII,37450.0,38800.0,37300.0,38550.0,3048540.0
2017-07-13,HOSE:CII,38950.0,38950.0,38550.0,38850.0,1505960.0
2017-07-14,HOSE:CII,38400.0,38700.0,38350.0,38650.0,735540.0
2017-07-17,HOSE:CII,38250.0,38500.0,37500.0,37500.0,1257890.0
2017-07-18,HOSE:CII,37500.0,37500.0,37000.0,37400.0,1329390.0
2017-07-19,HOSE:CII,37850.0,37900.0,34800.0,34800.0,4901060.0
2017-07-20,HOSE:CII,34900.0,35500.0,34700.0,35200.0,824130.0
2017-07-21,HOSE:CII,35400.0,35400.0,34500.0,34500.0,845110.0
2017-07-24,HOSE:CII,34100.0,34100.0,33000.0,33300.0,1532260.0
2017-07-25,HOSE:CII,32600.0,33600.0,32600.0,33200.0,1058700.0
2017-07-26,HOSE:CII,33550.0,33600.0,32800.0,32900.0,1133850.0
2017-07-27,HOSE:CII,33100.0,33100.0,32600.0,32600.0,716500.0
2017-07-28,HOSE:CII,32700.000000000004,32750.0,32400.0,32400.0,1263570.0
2017-07-31,HOSE:CII,32500.0,33100.0,32450.000000000004,32500.0,1386420.0
2017-08-01,HOSE:CII,32500.0,33800.0,32500.0,33000.0,778100.0
2017-08-02,HOSE:CII,32900.0,33000.0,32650.0,33000.0,925080.0
2017-08-03,HOSE:CII,33000.0,34100.0,32700.000000000004,33200.0,1750110.0
2017-08-04,HOSE:CII,33100.0,33500.0,33100.0,33250.0,1761060.0
2017-08-07,HOSE:CII,33550.0,33550.0,33300.0,33500.0,1149890.0
2017-08-08,HOSE:CII,33700.0,34500.0,33650.0,34100.0,1036660.0
2017-08-09,HOSE:CII,34100.0,34100.0,33600.0,33800.0,1015750.0
2017-08-10,HOSE:CII,34100.0,35500.0,34000.0,35500.0,1761100.0
2017-08-11,HOSE:CII,35500.0,35700.0,35000.0,35600.0,549650.0
2017-08-14,HOSE:CII,35600.0,36600.0,35200.0,36200.0,843310.0
2017-08-15,HOSE:CII,36400.0,36800.0,36300.0,36750.0,1385540.0
2017-08-16,HOSE:CII,36800.0,36800.0,36450.0,36600.0,681840.0
2017-08-17,HOSE:CII,36600.0,36600.0,35600.0,35700.0,859900.0
2017-08-18,HOSE:CII,35000.0,36300.0,35000.0,35100.0,498820.0
2017-08-21,HOSE:CII,34900.0,36000.0,34900.0,35550.0,306080.0
2017-08-22,HOSE:CII,35900.0,35900.0,34000.0,35000.0,307010.0
2017-08-23,HOSE:CII,35100.0,35100.0,34250.0,34900.0,163670.0
2017-08-24,HOSE:CII,34600.0,34600.0,33500.0,33500.0,851840.0
2017-08-25,HOSE:CII,33500.0,34700.0,33500.0,34500.0,1616400.0
2017-08-28,HOSE:CII,34500.0,34600.0,33950.0,34500.0,1348030.0
2017-08-29,HOSE:CII,34500.0,34600.0,33700.0,33950.0,1151620.0
2017-08-30,HOSE:CII,34050.0,34600.0,34000.0,34600.0,1820820.0
2017-08-31,HOSE:CII,34600.0,34950.0,34500.0,34900.0,1408810.0
2017-09-01,HOSE:CII,34800.0,34900.0,34100.0,34800.0,1312440.0
2017-09-05,HOSE:CII,34800.0,34800.0,34000.0,34000.0,1738440.0
2017-09-06,HOSE:CII,34000.0,34150.0,33200.0,33200.0,1639120.0
2017-09-07,HOSE:CII,33500.0,33500.0,32450.000000000004,33000.0,2831410.0
2017-09-08,HOSE:CII,32800.0,33000.0,32350.0,32450.000000000004,1688000.0
2017-09-11,HOSE:CII,32650.0,32950.0,32400.0,32400.0,1354280.0
2017-09-12,HOSE:CII,32850.0,32850.0,32300.0,32550.0,1457340.0
2017-09-13,HOSE:CII,32700.000000000004,32700.000000000004,32250.0,32400.0,1435180.0
2017-09-14,HOSE:CII,32400.0,32500.0,32150.0,32150.0,1328600.0
2017-09-15,HOSE:CII,32150.0,32450.000000000004,32100.0,32200.000000000004,1043860.0
2017-09-18,HOSE:CII,32100.0,32100.0,31800.0,31900.0,1100540.0
2017-09-19,HOSE:CII,32000.0,32000.0,31400.0,31500.0,1073430.0
2017-09-20,HOSE:CII,31700.0,32800.0,31500.0,32350.0,1683770.0
2017-09-21,HOSE:CII,32600.0,33150.0,32500.0,33000.0,1671540.0
2017-09-22,HOSE:CII,32950.0,33100.0,32500.0,32900.0,1479080.0
2017-09-25,HOSE:CII,32900.0,32900.0,32000.0,32050.0,1459320.0
2017-09-26,HOSE:CII,32150.0,32600.0,31500.0,32600.0,1610750.0
2017-09-27,HOSE:CII,32500.0,32700.000000000004,31900.0,32000.0,1332800.0
2017-09-28,HOSE:CII,32000.0,32100.0,31500.0,31500.0,1409060.0
2017-09-29,HOSE:CII,31900.0,32050.0,31500.0,32000.0,1478360.0
2017-10-02,HOSE:CII,32300.0,32300.0,31500.0,31700.0,1926380.0
2017-10-03,HOSE:CII,32000.0,32000.0,31000.0,31000.0,2037350.0
2017-10-04,HOSE:CII,31000.0,31200.0,30900.0,31200.0,1139070.0
2017-10-05,HOSE:CII,31200.0,32650.0,30900.0,32300.0,9522980.0
2017-10-06,HOSE:CII,32300.0,32650.0,32300.0,32550.0,2506370.0
2017-10-09,HOSE:CII,32700.000000000004,33200.0,32550.0,33100.0,1756220.0
2017-10-10,HOSE:CII,33100.0,33750.0,32450.000000000004,33700.0,1354970.0
2017-10-11,HOSE:CII,33800.0,34600.0,33700.0,34300.0,1908290.0
2017-10-12,HOSE:CII,34600.0,34700.0,33800.0,34050.0,1934110.0
2017-10-13,HOSE:CII,33950.0,34450.0,33450.0,34100.0,607620.0
2017-10-16,HOSE:CII,34050.0,35850.0,34000.0,35100.0,2180100.0
2017-10-17,HOSE:CII,35400.0,35400.0,34800.0,35200.0,832570.0
2017-10-18,HOSE:CII,35200.0,35200.0,32750.0,34500.0,1563390.0
2017-10-19,HOSE:CII,34500.0,34500.0,33600.0,34000.0,250590.0
2017-10-20,HOSE:CII,34000.0,34400.0,33400.0,33400.0,391780.0
2017-10-23,HOSE:CII,33750.0,33750.0,32850.0,33700.0,638260.0
2017-10-24,HOSE:CII,33700.0,34600.0,33000.0,34600.0,494750.0
2017-10-25,HOSE:CII,34500.0,34500.0,33600.0,33950.0,170390.0
2017-10-26,HOSE:CII,33950.0,34100.0,33000.0,33100.0,635490.0
2017-10-27,HOSE:CII,33000.0,33000.0,31950.0,32600.0,1089340.0
2017-10-30,HOSE:CII,32600.0,32600.0,31950.0,32000.0,5775730.0
2017-10-31,HOSE:CII,32000.0,32200.000000000004,31850.0,31900.0,5257600.0
2017-11-01,HOSE:CII,31800.0,31800.0,31300.0,31600.0,1249140.0
2017-11-02,HOSE:CII,31600.0,32000.0,31350.0,31700.0,1408190.0
2017-11-03,HOSE:CII,31700.0,31700.0,31350.0,31450.0,1229370.0
2017-11-06,HOSE:CII,31450.0,31450.0,30950.0,31400.0,1606370.0
2017-11-07,HOSE:CII,31400.0,31500.0,30850.0,31500.0,1341160.0
2017-11-08,HOSE:CII,31150.0,31650.0,30950.0,31000.0,8939510.0
2017-11-09,HOSE:CII,31000.0,31400.0,30550.0,30700.0,3300110.0
2017-11-10,HOSE:CII,30700.0,31300.0,30600.0,31000.0,1180760.0
2017-11-13,HOSE:CII,31000.0,31600.0,31000.0,31150.0,2111360.0
2017-11-14,HOSE:CII,31150.0,31700.0,31050.0,31350.0,7755140.0
2017-11-15,HOSE:CII,31600.0,32500.0,31600.0,32450.000000000004,7476220.0
2017-11-16,HOSE:CII,32350.0,32700.000000000004,32100.0,32600.0,3578780.0
2017-11-17,HOSE:CII,32500.0,32800.0,32000.0,32500.0,1851900.0
2017-11-20,HOSE:CII,32500.0,33100.0,32400.0,32950.0,2949090.0
2017-11-21,HOSE:CII,33000.0,33150.0,32400.0,32800.0,2823550.0
2017-11-22,HOSE:CII,32850.0,32900.0,32200.000000000004,32800.0,2035370.0
2017-11-23,HOSE:CII,32600.0,32650.0,32150.0,32200.000000000004,1141850.0
2017-11-24,HOSE:CII,32400.0,32400.0,31900.0,31900.0,1102190.0
2017-11-27,HOSE:CII,32700.000000000004,33450.0,32600.0,33350.0,2003750.0
2017-11-28,HOSE:CII,33500.0,33650.0,32900.0,32900.0,1614120.0
2017-11-29,HOSE:CII,32900.0,33000.0,32750.0,32900.0,1527630.0
2017-11-30,HOSE:CII,32900.0,33500.0,32800.0,32950.0,2182600.0
2017-12-01,HOSE:CII,33350.0,34700.0,33050.0,34500.0,3219560.0
2017-12-04,HOSE:CII,34900.0,35200.0,34600.0,35000.0,2473130.0
2017-12-05,HOSE:CII,35000.0,35000.0,33600.0,34000.0,1383040.0
2017-12-06,HOSE:CII,33800.0,33950.0,33100.0,33300.0,1390350.0
2017-12-07,HOSE:CII,33700.0,34400.0,33500.0,34000.0,1420560.0
2017-12-08,HOSE:CII,34300.0,34350.0,33700.0,34000.0,711050.0
2017-12-11,HOSE:CII,34000.0,34150.0,33400.0,33950.0,1024250.0
2017-12-12,HOSE:CII,33950.0,34000.0,32700.000000000004,34000.0,1484340.0
2017-12-13,HOSE:CII,34500.0,34500.0,33600.0,33650.0,485300.0
2017-12-14,HOSE:CII,33900.0,34000.0,33700.0,34000.0,476550.0
2017-12-15,HOSE:CII,34050.0,34850.0,33900.0,34750.0,1628990.0
2017-12-18,HOSE:CII,34800.0,35900.0,34800.0,35500.0,1875250.0
2017-12-19,HOSE:CII,35800.0,35800.0,34800.0,35500.0,965420.0
2017-12-20,HOSE:CII,35300.0,35900.0,34750.0,35000.0,1014890.0
2017-12-21,HOSE:CII,35000.0,35800.0,35000.0,35700.0,1172170.0
2017-12-22,HOSE:CII,35500.0,35600.0,33500.0,35050.0,653980.0
2017-12-25,HOSE:CII,35200.0,35200.0,34200.0,34200.0,439700.0
2017-12-26,HOSE:CII,34500.0,34950.0,34300.0,34850.0,367170.0
2017-12-27,HOSE:CII,34850.0,35000.0,34650.0,34700.0,432150.0
2017-12-28,HOSE:CII,34700.0,34900.0,34600.0,34850.0,304470.0
2017-12-29,HOSE:CII,34850.0,35750.0,34650.0,35100.0,849410.0
2018-01-02,HOSE:CII,35600.0,36800.0,35400.0,36800.0,2155780.0
2018-01-03,HOSE:CII,37000.0,37700.0,36800.0,37050.0,2064630.0
2018-01-04,HOSE:CII,37000.0,37800.0,36800.0,37800.0,1456710.0
2018-01-05,HOSE:CII,37600.0,37800.0,37100.0,37600.0,2484720.0
2018-01-08,HOSE:CII,37500.0,38200.0,37300.0,38200.0,1515740.0
2018-01-09,HOSE:CII,38000.0,38200.0,37500.0,38200.0,1156640.0
2018-01-10,HOSE:CII,38200.0,39500.0,37800.0,39000.0,2502760.0
2018-01-11,HOSE:CII,39000.0,39000.0,38100.0,38450.0,450150.0
2018-01-12,HOSE:CII,38200.0,38450.0,37100.0,38000.0,1348990.0
2018-01-15,HOSE:CII,38400.0,38400.0,37650.0,38300.0,1288830.0
2018-01-16,HOSE:CII,38300.0,38300.0,37250.0,38000.0,1140870.0
2018-01-17,HOSE:CII,37900.0,38000.0,36400.0,36400.0,1192430.0
2018-01-18,HOSE:CII,36400.0,37100.0,36000.0,37100.0,1140670.0
2018-01-19,HOSE:CII,37100.0,37600.0,37100.0,37500.0,997880.0
2018-01-22,HOSE:CII,37900.0,37900.0,37250.0,37350.0,1849570.0
2018-01-25,HOSE:CII,37300.0,37800.0,37300.0,37800.0,2961570.0
2018-01-26,HOSE:CII,37600.0,38500.0,37450.0,38400.0,1542240.0
2018-01-29,HOSE:CII,38400.0,39000.0,38250.0,38800.0,2187740.0
2018-01-30,HOSE:CII,39000.0,39250.0,38200.0,39000.0,952490.0
2018-01-31,HOSE:CII,38800.0,39000.0,37500.0,37500.0,1399210.0
2018-02-01,HOSE:CII,37400.0,38300.0,36750.0,37000.0,1206050.0
2018-02-02,HOSE:CII,37100.0,37700.0,37100.0,37600.0,1390470.0
2018-02-05,HOSE:CII,37700.0,37700.0,35950.0,37000.0,1113490.0
2018-02-06,HOSE:CII,35000.0,36500.0,34450.0,34450.0,5793020.0
2018-02-07,HOSE:CII,35500.0,35500.0,34400.0,34450.0,1498410.0
2018-02-08,HOSE:CII,34450.0,34650.0,33950.0,34000.0,740570.0
2018-02-09,HOSE:CII,33000.0,34400.0,32000.0,34100.0,1561410.0
2018-02-12,HOSE:CII,34800.0,35400.0,34100.0,34100.0,1512510.0
2018-02-13,HOSE:CII,35000.0,35200.0,34400.0,34650.0,549990.0
2018-02-21,HOSE:CII,35400.0,37050.0,35000.0,37050.0,1415200.0
2018-02-22,HOSE:CII,37000.0,37300.0,36000.0,36400.0,1158750.0
2018-02-23,HOSE:CII,36700.0,37200.0,36500.0,36500.0,609970.0
2018-02-26,HOSE:CII,36800.0,37000.0,36250.0,36550.0,547890.0
2018-02-27,HOSE:CII,36700.0,36700.0,35700.0,35700.0,492280.0
2018-02-28,HOSE:CII,35800.0,36000.0,34900.0,35700.0,1029460.0
2018-03-01,HOSE:CII,34950.0,35300.0,34800.0,35000.0,581820.0
2018-03-02,HOSE:CII,34500.0,34900.0,34400.0,34450.0,519040.0
2018-03-05,HOSE:CII,34500.0,35450.0,34300.0,34300.0,769020.0
2018-03-06,HOSE:CII,34200.0,34900.0,34200.0,34500.0,493020.0
2018-03-07,HOSE:CII,34950.0,35200.0,34400.0,34500.0,537170.0
2018-03-08,HOSE:CII,34500.0,35300.0,34500.0,35100.0,383320.0
2018-03-09,HOSE:CII,35400.0,35400.0,34000.0,34300.0,1042190.0
2018-03-12,HOSE:CII,34500.0,34600.0,34000.0,34200.0,875390.0
2018-03-13,HOSE:CII,34200.0,34250.0,33100.0,33150.0,1271980.0
2018-03-14,HOSE:CII,33150.0,33500.0,32400.0,33000.0,1368820.0
2018-03-15,HOSE:CII,33000.0,33750.0,32700.000000000004,33750.0,788830.0
2018-03-16,HOSE:CII,33800.0,33950.0,32500.0,32500.0,1448350.0
2018-03-19,HOSE:CII,33300.0,33400.0,32900.0,33000.0,573920.0
2018-03-20,HOSE:CII,32500.0,32800.0,32100.0,32250.0,721090.0
2018-03-21,HOSE:CII,32250.0,32750.0,31400.0,31500.0,1147590.0
2018-03-22,HOSE:CII,31700.0,32200.000000000004,31600.0,31900.0,447340.0
2018-03-23,HOSE:CII,30900.0,31750.0,30000.0,31750.0,1198820.0
2018-03-26,HOSE:CII,31300.0,31600.0,31050.0,31400.0,1477580.0
2018-03-27,HOSE:CII,31400.0,31500.0,30550.0,30600.0,778670.0
2018-03-28,HOSE:CII,31000.0,31350.0,30600.0,30700.0,938630.0
2018-03-29,HOSE:CII,30800.0,30850.0,30300.0,30850.0,840180.0
2018-03-30,HOSE:CII,30650.0,30950.0,30550.0,30950.0,236460.0
2018-04-02,HOSE:CII,30950.0,31200.0,30200.0,30200.0,788250.0
2018-04-03,HOSE:CII,29900.0,30500.0,29400.0,29400.0,918870.0
2018-04-04,HOSE:CII,29400.0,31450.0,29400.0,31450.0,1705520.0
2018-04-05,HOSE:CII,32200.000000000004,33650.0,32200.000000000004,33650.0,2616800.0
2018-04-06,HOSE:CII,34000.0,34950.0,33200.0,33600.0,1824650.0
2018-04-09,HOSE:CII,33000.0,33400.0,32750.0,33400.0,718830.0
2018-04-10,HOSE:CII,33450.0,33450.0,32400.0,32800.0,581670.0
2018-04-11,HOSE:CII,32500.0,32900.0,31750.0,32400.0,974600.0
2018-04-12,HOSE:CII,32400.0,32450.000000000004,31700.0,32450.000000000004,355580.0
2018-04-13,HOSE:CII,32150.0,32500.0,31500.0,32400.0,341580.0
2018-04-16,HOSE:CII,32400.0,32400.0,31800.0,32400.0,403610.0
2018-04-17,HOSE:CII,31900.0,32400.0,31900.0,32400.0,380220.0
2018-04-18,HOSE:CII,32400.0,33600.0,32400.0,33150.0,1226900.0
2018-04-19,HOSE:CII,33150.0,33150.0,31900.0,32000.0,479460.0
2018-04-20,HOSE:CII,31600.0,33150.0,31600.0,32000.0,985220.0
2018-04-23,HOSE:CII,32000.0,32500.0,30000.0,32000.0,451430.0
2018-04-24,HOSE:CII,32000.0,33000.0,30600.0,32800.0,752620.0
2018-04-26,HOSE:CII,32700.000000000004,32800.0,30700.0,32800.0,652500.0
2018-04-27,HOSE:CII,31300.0,32400.0,31300.0,31500.0,505610.0
2018-05-02,HOSE:CII,32000.0,32000.0,30550.0,31300.0,260540.0
2018-05-03,HOSE:CII,31400.0,31900.0,29800.0,31300.0,951650.0
2018-05-04,HOSE:CII,31700.0,31700.0,31000.0,31300.0,508640.0
2018-05-07,HOSE:CII,31300.0,31900.0,30650.0,31300.0,505930.0
2018-05-08,HOSE:CII,31200.0,31200.0,30600.0,30600.0,427510.0
2018-05-09,HOSE:CII,30500.0,31000.0,29800.0,30350.0,811630.0
2018-05-10,HOSE:CII,30000.0,30350.0,29000.0,30100.0,644140.0
2018-05-11,HOSE:CII,29500.0,30800.0,29000.0,30800.0,1021600.0
2018-05-14,HOSE:CII,31000.0,31000.0,30100.0,31000.0,427230.0
2018-05-15,HOSE:CII,31000.0,31100.0,30100.0,30700.0,395820.0
2018-05-16,HOSE:CII,30700.0,30700.0,29500.0,30050.0,687500.0
2018-05-17,HOSE:CII,30050.0,31000.0,29600.0,30700.0,747590.0
2018-05-18,HOSE:CII,30000.0,30700.0,30000.0,30100.0,194010.0
2018-05-21,HOSE:CII,30450.0,30500.0,30000.0,30300.0,230520.0
2018-05-22,HOSE:CII,30300.0,30300.0,29000.0,29900.0,302560.0
2018-05-23,HOSE:CII,29900.0,29900.0,29000.0,29850.0,556140.0
2018-05-24,HOSE:CII,29850.0,29900.0,29000.0,29500.0,479360.0
2018-05-25,HOSE:CII,29100.0,29600.0,28500.0,29600.0,508470.0
2018-05-28,HOSE:CII,29000.0,29000.0,27550.0,28400.0,520460.0
2018-05-29,HOSE:CII,27200.0,29500.0,27000.0,28900.0,1414520.0
2018-05-30,HOSE:CII,28100.0,28400.0,27800.0,28300.0,364410.0
2018-05-31,HOSE:CII,28300.0,28300.0,27800.0,28200.0,388420.0
2018-06-01,HOSE:CII,28200.0,28350.0,27800.0,28100.0,215280.0
2018-06-04,HOSE:CII,27700.0,28100.0,27650.0,27650.0,803660.0
2018-06-05,HOSE:CII,27600.0,28250.0,27550.0,28050.0,536090.0
2018-06-06,HOSE:CII,28100.0,29200.0,27900.0,29200.0,401660.0
2018-06-07,HOSE:CII,29200.0,29350.0,28850.0,29000.0,280060.0
2018-06-08,HOSE:CII,29000.0,29000.0,28500.0,28950.0,317800.0
2018-06-11,HOSE:CII,28450.0,28850.0,28450.0,28600.0,405370.0
2018-06-12,HOSE:CII,28400.0,28400.0,27800.0,28400.0,308540.0
2018-06-13,HOSE:CII,27900.0,28500.0,27400.0,27400.0,741730.0
2018-06-14,HOSE:CII,27700.0,27700.0,27000.0,27000.0,467980.0
2018-06-15,HOSE:CII,27600.0,27600.0,26500.0,27150.0,676170.0
2018-06-18,HOSE:CII,27000.0,27000.0,26000.0,26300.0,1693500.0
2018-06-19,HOSE:CII,26300.0,26550.0,25000.0,26400.0,1984020.0
2018-06-20,HOSE:CII,26400.0,26800.0,25800.0,26800.0,509910.0
2018-06-21,HOSE:CII,26000.0,26700.0,25650.0,26700.0,796250.0
2018-06-22,HOSE:CII,26700.0,26700.0,26000.0,26600.0,578390.0
2018-06-25,HOSE:CII,27000.0,27000.0,26000.0,26000.0,597770.0
2018-06-26,HOSE:CII,25500.0,26550.0,25100.0,26450.0,896980.0
2018-06-27,HOSE:CII,26450.0,26500.0,26000.0,26250.0,676670.0
2018-06-28,HOSE:CII,25800.0,25800.0,24900.0,25000.0,902310.0
2018-06-29,HOSE:CII,24600.0,26450.0,24200.0,26450.0,978170.0
2018-07-02,HOSE:CII,25650.0,26300.0,25250.0,25600.0,2207570.0
2018-07-03,HOSE:CII,25600.0,25800.0,24900.0,25500.0,595560.0
2018-07-04,HOSE:CII,24700.0,25800.0,24700.0,25600.0,334700.0
2018-07-05,HOSE:CII,25600.0,25700.0,24450.0,25500.0,478370.0
2018-07-06,HOSE:CII,25500.0,25800.0,24300.0,25400.0,810850.0
2018-07-09,HOSE:CII,25500.0,26000.0,25000.0,25400.0,1019130.0
2018-07-10,HOSE:CII,25400.0,26650.0,25350.0,26650.0,1737080.0
2018-07-11,HOSE:CII,26000.0,26700.0,25700.0,26450.0,1666700.0
2018-07-12,HOSE:CII,26450.0,28200.0,26000.0,28200.0,2611780.0
2018-07-13,HOSE:CII,28200.0,28500.0,27500.0,27700.0,1053460.0
2018-07-16,HOSE:CII,27700.0,27900.0,27200.0,27800.0,529760.0
2018-07-17,HOSE:CII,27900.0,27900.0,27000.0,27500.0,443820.0
2018-07-18,HOSE:CII,26500.0,27600.0,26500.0,27550.0,578670.0
2018-07-19,HOSE:CII,27550.0,28400.0,27550.0,28300.0,518590.0
2018-07-20,HOSE:CII,28300.0,28300.0,27700.0,27700.0,328550.0
2018-07-23,HOSE:CII,28000.0,28000.0,27500.0,27650.0,750890.0
2018-07-24,HOSE:CII,27650.0,27650.0,27100.0,27500.0,99970.0
2018-07-25,HOSE:CII,27550.0,27650.0,25600.0,26500.0,2196470.0
2018-07-26,HOSE:CII,26500.0,26500.0,24650.0,24650.0,1418120.0
2018-07-27,HOSE:CII,25000.0,25250.0,24650.0,25000.0,1508000.0
2018-07-30,HOSE:CII,24900.0,25300.0,24800.0,25200.0,313200.0
2018-07-31,HOSE:CII,25100.0,25200.0,24800.0,25200.0,461610.0
2018-08-01,HOSE:CII,24850.0,25500.0,24850.0,25300.0,290200.0
2018-08-02,HOSE:CII,24850.0,26000.0,24800.0,25500.0,628340.0
2018-08-03,HOSE:CII,25300.0,26050.0,25300.0,25600.0,475540.0
2018-08-06,HOSE:CII,25600.0,26500.0,25600.0,26350.0,454860.0
2018-08-07,HOSE:CII,26100.0,26400.0,25800.0,26200.0,554950.0
2018-08-08,HOSE:CII,26300.0,26300.0,25950.0,26300.0,376250.0
2018-08-09,HOSE:CII,26000.0,26400.0,25800.0,26000.0,279710.0
2018-08-10,HOSE:CII,25800.0,26100.0,25600.0,26000.0,168410.0
2018-08-13,HOSE:CII,25700.0,26250.0,25600.0,26200.0,262810.0
2018-08-14,HOSE:CII,26200.0,26400.0,26000.0,26400.0,1218220.0
2018-08-15,HOSE:CII,26200.0,26400.0,26150.0,26300.0,181670.0
2018-08-16,HOSE:CII,26300.0,26300.0,25950.0,26300.0,236540.0
2018-08-17,HOSE:CII,26300.0,26300.0,26000.0,26200.0,207850.0
2018-08-20,HOSE:CII,26250.0,26250.0,25850.0,26000.0,113310.0
2018-08-21,HOSE:CII,25900.0,26200.0,25700.0,26200.0,276370.0
2018-08-22,HOSE:CII,26250.0,26250.0,25950.0,26200.0,158390.0
2018-08-23,HOSE:CII,26000.0,26100.0,25900.0,26100.0,78180.0
2018-08-24,HOSE:CII,26000.0,26100.0,25800.0,26100.0,144630.0
2018-08-27,HOSE:CII,26150.0,26950.0,26100.0,26800.0,2602130.0
2018-08-28,HOSE:CII,27100.0,27350.0,26550.0,27000.0,678790.0
2018-08-29,HOSE:CII,26850.0,26950.0,26200.0,26650.0,245220.0
2018-08-30,HOSE:CII,26650.0,26750.0,26250.0,26750.0,676730.0
2018-08-31,HOSE:CII,26900.0,27000.0,26200.0,26500.0,133180.0
2018-09-04,HOSE:CII,26250.0,26500.0,26000.0,26000.0,279960.0
2018-09-05,HOSE:CII,25950.0,26300.0,25900.0,26300.0,450490.0
2018-09-06,HOSE:CII,26300.0,26300.0,25500.0,25500.0,185380.0
2018-09-07,HOSE:CII,25700.0,26000.0,25500.0,25900.0,509680.0
2018-09-10,HOSE:CII,25700.0,25750.0,25300.0,25700.0,491720.0
2018-09-11,HOSE:CII,25450.0,25800.0,25450.0,25700.0,1326150.0
2018-09-12,HOSE:CII,25800.0,25850.0,25450.0,25700.0,342590.0
2018-09-13,HOSE:CII,25700.0,25700.0,25350.0,25500.0,273040.0
2018-09-14,HOSE:CII,25500.0,26000.0,24900.0,26000.0,1123320.0
2018-09-17,HOSE:CII,25900.0,25900.0,25500.0,25800.0,251320.0
2018-09-18,HOSE:CII,25550.0,25800.0,25500.0,25800.0,1230550.0
2018-09-19,HOSE:CII,25600.0,25900.0,25600.0,25800.0,315260.0
2018-09-20,HOSE:CII,25900.0,25900.0,25700.0,25700.0,334460.0
2018-09-21,HOSE:CII,25800.0,25800.0,25500.0,25500.0,911560.0
2018-09-24,HOSE:CII,25700.0,26000.0,25600.0,25950.0,604880.0
2018-09-25,HOSE:CII,25800.0,26700.0,25800.0,26500.0,834730.0
2018-09-26,HOSE:CII,26500.0,26550.0,26150.0,26550.0,696180.0
2018-09-27,HOSE:CII,26600.0,26650.0,26450.0,26500.0,656950.0
2018-09-28,HOSE:CII,26600.0,27150.0,26600.0,27150.0,1366480.0
2018-10-01,HOSE:CII,27250.0,27700.0,27000.0,27200.0,1437590.0
2018-10-02,HOSE:CII,26900.0,27050.0,26550.0,26600.0,684180.0
2018-10-03,HOSE:CII,26600.0,26850.0,26200.0,26400.0,841320.0
2018-10-04,HOSE:CII,26400.0,26600.0,26200.0,26600.0,696290.0
2018-10-05,HOSE:CII,26550.0,26700.0,26150.0,26150.0,492980.0
2018-10-08,HOSE:CII,26000.0,26450.0,26000.0,26400.0,385980.0
2018-10-09,HOSE:CII,26500.0,26700.0,26200.0,26600.0,466430.0
2018-10-10,HOSE:CII,26700.0,26750.0,26350.0,26600.0,434470.0
2018-10-11,HOSE:CII,25900.0,26000.0,24750.0,26000.0,1470540.0
2018-10-12,HOSE:CII,25500.0,25750.0,25100.0,25750.0,869190.0
2018-10-15,HOSE:CII,25750.0,25750.0,25200.0,25700.0,652620.0
2018-10-16,HOSE:CII,25250.0,25850.0,25200.0,25850.0,966450.0
2018-10-17,HOSE:CII,25850.0,26200.0,25550.0,25550.0,1024330.0
2018-10-18,HOSE:CII,25600.0,25900.0,25200.0,25550.0,369850.0
2018-10-19,HOSE:CII,25100.0,25500.0,24900.0,25500.0,538950.0
2018-10-22,HOSE:CII,25500.0,25500.0,25000.0,25250.0,554770.0
2018-10-23,HOSE:CII,24900.0,25250.0,24000.0,24650.0,1822610.0
2018-10-24,HOSE:CII,24350.0,25000.0,23700.0,24500.0,703690.0
2018-10-25,HOSE:CII,23500.0,23900.0,23200.0,23600.0,1278410.0
2018-10-26,HOSE:CII,23800.0,23800.0,23150.0,23150.0,388240.0
2018-10-29,HOSE:CII,22600.0,23300.0,22600.0,23150.0,474740.0
2018-10-30,HOSE:CII,22650.0,23500.0,22650.0,23450.0,827780.0
2018-10-31,HOSE:CII,23600.0,23800.0,23100.0,23750.0,352930.0
2018-11-01,HOSE:CII,23650.0,23800.0,23450.0,23600.0,169080.0
2018-11-02,HOSE:CII,23400.0,24400.0,23400.0,24150.0,422470.0
2018-11-05,HOSE:CII,23900.0,24650.0,23400.0,24650.0,753290.0
2018-11-06,HOSE:CII,24350.0,25600.0,24350.0,25400.0,1874420.0
2018-11-07,HOSE:CII,25200.0,25400.0,24950.0,25300.0,1364290.0
2018-11-08,HOSE:CII,25400.0,25400.0,24850.0,25100.0,883410.0
2018-11-09,HOSE:CII,24800.0,25200.0,24800.0,25150.0,458990.0
2018-11-12,HOSE:CII,24850.0,25200.0,24600.0,25200.0,524260.0
2018-11-13,HOSE:CII,24600.0,24950.0,24300.0,24950.0,409010.0
2018-11-14,HOSE:CII,24950.0,25350.0,24500.0,24500.0,762580.0
2018-11-15,HOSE:CII,24350.0,25200.0,24350.0,25200.0,524640.0
2018-11-16,HOSE:CII,25000.0,26400.0,24650.0,26150.0,988630.0
2018-11-19,HOSE:CII,26350.0,27400.0,26250.0,27400.0,2516140.0
2018-11-20,HOSE:CII,27200.0,27400.0,26700.0,27000.0,2147710.0
2018-11-21,HOSE:CII,26200.0,27000.0,26050.0,26950.0,730250.0
2018-11-22,HOSE:CII,26950.0,27100.0,26500.0,26800.0,492830.0
2018-11-23,HOSE:CII,26300.0,26800.0,26250.0,26450.0,248220.0
2018-11-26,HOSE:CII,26150.0,26550.0,26050.0,26400.0,209860.0
2018-11-27,HOSE:CII,26400.0,26450.0,26150.0,26150.0,1571220.0
2018-11-28,HOSE:CII,26100.0,26300.0,26050.0,26200.0,211560.0
2018-11-29,HOSE:CII,26450.0,26500.0,26300.0,26400.0,207960.0
2018-11-30,HOSE:CII,26050.0,26400.0,26000.0,26300.0,258190.0
2018-12-03,HOSE:CII,26800.0,27000.0,26100.0,26500.0,385420.0
2018-12-04,HOSE:CII,26200.0,26500.0,26050.0,26500.0,669570.0
2018-12-05,HOSE:CII,26300.0,26450.0,26100.0,26400.0,359730.0
2018-12-06,HOSE:CII,26500.0,26500.0,26250.0,26400.0,1320090.0
2018-12-07,HOSE:CII,26400.0,26500.0,26200.0,26200.0,425900.0
2018-12-10,HOSE:CII,26150.0,26400.0,26000.0,26400.0,811120.0
2018-12-11,HOSE:CII,26450.0,26450.0,26150.0,26400.0,940560.0
2018-12-12,HOSE:CII,26350.0,26600.0,26200.0,26600.0,2112190.0
2018-12-13,HOSE:CII,26600.0,27000.0,26400.0,26600.0,540970.0
2018-12-14,HOSE:CII,26500.0,26700.0,26250.0,26500.0,3083110.0
2018-12-17,HOSE:CII,26400.0,26650.0,26250.0,26250.0,2600920.0
2018-12-18,HOSE:CII,26050.0,26250.0,25800.0,26000.0,934090.0
2018-12-19,HOSE:CII,25850.0,26250.0,25850.0,26100.0,1397280.0
2018-12-20,HOSE:CII,26100.0,26200.0,26000.0,26050.0,1146840.0
2018-12-21,HOSE:CII,25800.0,26100.0,25750.0,25850.0,922080.0
2018-12-24,HOSE:CII,26000.0,26000.0,25600.0,25750.0,335010.0
2018-12-25,HOSE:CII,25000.0,25500.0,24900.0,25450.0,1122050.0
2018-12-26,HOSE:CII,25050.0,26000.0,25050.0,25800.0,1212390.0
2018-12-27,HOSE:CII,25750.0,26450.0,25750.0,25950.0,1249690.0
2018-12-28,HOSE:CII,26000.0,26300.0,25550.0,26300.0,654870.0
2019-01-02,HOSE:CII,26300.0,26350.0,25500.0,26000.0,1945040.0
2019-01-03,HOSE:CII,25850.0,25900.0,24250.0,25200.0,1049590.0
2019-01-04,HOSE:CII,24900.0,26000.0,24600.0,25500.0,692120.0
2019-01-07,HOSE:CII,25750.0,25750.0,24400.0,25500.0,555750.0
2019-01-08,HOSE:CII,25000.0,25450.0,24350.0,24500.0,444520.0
2019-01-09,HOSE:CII,25250.0,25250.0,24150.0,25100.0,465030.0
2019-01-10,HOSE:CII,24500.0,24950.0,24300.0,24850.0,361690.0
2019-01-11,HOSE:CII,24850.0,24850.0,24300.0,24700.0,326940.0
2019-01-14,HOSE:CII,24550.0,24750.0,24100.0,24150.0,794110.0
2019-01-15,HOSE:CII,24400.0,24500.0,24000.0,24300.0,640260.0
2019-01-16,HOSE:CII,23300.0,24400.0,23300.0,24000.0,1510200.0
2019-01-17,HOSE:CII,24100.0,24150.0,23300.0,23800.0,783540.0
2019-01-18,HOSE:CII,23800.0,24000.0,23050.0,23700.0,1332750.0
2019-01-21,HOSE:CII,23700.0,23850.0,22800.0,23700.0,1383710.0
2019-01-22,HOSE:CII,23700.0,23700.0,22650.0,22650.0,618130.0
2019-01-23,HOSE:CII,22950.0,23350.0,22600.0,23350.0,327050.0
2019-01-24,HOSE:CII,23250.0,23950.0,23100.0,23950.0,743680.0
2019-01-25,HOSE:CII,23950.0,23950.0,22900.0,22900.0,742410.0
2019-01-28,HOSE:CII,22900.0,23300.0,22700.0,23000.0,261920.0
2019-01-29,HOSE:CII,23000.0,23500.0,22800.0,23500.0,638240.0
2019-01-30,HOSE:CII,23000.0,23700.0,23000.0,23700.0,220570.0
2019-01-31,HOSE:CII,23700.0,23700.0,23000.0,23000.0,640490.0
2019-02-01,HOSE:CII,23000.0,23400.0,22700.0,22700.0,511110.0
2019-02-11,HOSE:CII,23300.0,23850.0,23250.0,23800.0,510580.0
2019-02-12,HOSE:CII,23900.0,23900.0,23300.0,23300.0,2717950.0
2019-02-13,HOSE:CII,23300.0,23500.0,22950.0,23500.0,1068520.0
2019-02-14,HOSE:CII,23500.0,23500.0,23150.0,23350.0,478620.0
2019-02-15,HOSE:CII,23150.0,23450.0,22900.0,22900.0,1256410.0
2019-02-18,HOSE:CII,22900.0,23300.0,22850.0,23100.0,2271930.0
2019-02-19,HOSE:CII,23300.0,23400.0,23100.0,23300.0,1271920.0
2019-02-20,HOSE:CII,23250.0,23300.0,22800.0,22950.0,1861490.0
2019-02-21,HOSE:CII,22800.0,23050.0,22800.0,23050.0,1781720.0
2019-02-22,HOSE:CII,23050.0,23050.0,22700.0,22700.0,1489730.0
2019-02-25,HOSE:CII,22700.0,23700.0,22650.0,23650.0,2762020.0
2019-02-26,HOSE:CII,23650.0,23700.0,23300.0,23500.0,3422560.0
2019-02-27,HOSE:CII,23550.0,24800.0,23300.0,24550.0,3648900.0
2019-02-28,HOSE:CII,24500.0,24500.0,23250.0,24000.0,2775520.0
2019-03-01,HOSE:CII,23800.0,23850.0,23250.0,23250.0,1345330.0
2019-03-04,HOSE:CII,23200.0,23450.0,23150.0,23300.0,890260.0
2019-03-05,HOSE:CII,23250.0,23350.0,22900.0,22900.0,3080860.0
2019-03-06,HOSE:CII,23100.0,24000.0,22950.0,23850.0,2341120.0
2019-03-07,HOSE:CII,23800.0,24200.0,23600.0,23600.0,744440.0
2019-03-08,HOSE:CII,23600.0,23850.0,23400.0,23550.0,2030460.0
2019-03-11,HOSE:CII,23400.0,24150.0,23400.0,23800.0,1166800.0
2019-03-12,HOSE:CII,24000.0,24000.0,23700.0,23900.0,1250330.0
2019-03-13,HOSE:CII,23900.0,24700.0,23800.0,24700.0,3326420.0
2019-03-14,HOSE:CII,24700.0,24950.0,24350.0,24550.0,1233930.0
2019-03-15,HOSE:CII,24550.0,24800.0,24300.0,24500.0,637300.0
2019-03-18,HOSE:CII,24750.0,24750.0,24250.0,24500.0,1603680.0
2019-03-19,HOSE:CII,24650.0,25300.0,24300.0,24900.0,2563420.0
2019-03-20,HOSE:CII,24950.0,25500.0,24300.0,25500.0,2878960.0
2019-03-21,HOSE:CII,25600.0,25600.0,24500.0,24800.0,822330.0
2019-03-22,HOSE:CII,24800.0,25200.0,24550.0,25200.0,5002260.0
2019-03-25,HOSE:CII,24600.0,25000.0,24400.0,24400.0,627640.0
2019-03-26,HOSE:CII,24400.0,24700.0,24200.0,24450.0,322650.0
2019-03-27,HOSE:CII,24500.0,25200.0,24500.0,24700.0,802110.0
2019-03-28,HOSE:CII,24750.0,24800.0,24600.0,24750.0,280290.0
2019-03-29,HOSE:CII,24750.0,25000.0,24600.0,24750.0,473630.0
2019-04-01,HOSE:CII,24900.0,24900.0,24500.0,24800.0,483890.0
2019-04-02,HOSE:CII,24800.0,25200.0,24700.0,25000.0,1697020.0
2019-04-03,HOSE:CII,25000.0,25250.0,24900.0,24900.0,453930.0
2019-04-04,HOSE:CII,25000.0,25000.0,24650.0,24700.0,146040.0
2019-04-05,HOSE:CII,24600.0,25200.0,24450.0,25200.0,1110800.0
2019-04-08,HOSE:CII,24800.0,25050.0,24650.0,24650.0,152610.0
2019-04-09,HOSE:CII,24700.0,24800.0,24400.0,24700.0,269170.0
2019-04-10,HOSE:CII,24450.0,24700.0,24250.0,24450.0,176020.0
2019-04-11,HOSE:CII,24450.0,24650.0,24100.0,24400.0,118290.0
2019-04-12,HOSE:CII,24400.0,24400.0,24100.0,24350.0,65930.0
2019-04-16,HOSE:CII,24100.0,24100.0,22800.0,24000.0,180480.0
2019-04-17,HOSE:CII,24300.0,24300.0,23800.0,23950.0,223480.0
2019-04-18,HOSE:CII,23550.0,24000.0,23500.0,23950.0,231590.0
2019-04-19,HOSE:CII,23950.0,23950.0,23500.0,23800.0,116910.0
2019-04-22,HOSE:CII,23250.0,23800.0,23250.0,23250.0,124680.0
2019-04-23,HOSE:CII,23450.0,23800.0,23200.0,23800.0,319550.0
2019-04-24,HOSE:CII,23800.0,23800.0,23400.0,23600.0,117510.0
2019-04-25,HOSE:CII,23600.0,23600.0,23200.0,23500.0,104060.0
2019-04-26,HOSE:CII,23100.0,23500.0,22900.0,22900.0,346880.0
2019-05-02,HOSE:CII,23000.0,23700.0,22950.0,23700.0,262680.0
2019-05-03,HOSE:CII,23250.0,23500.0,23000.0,23000.0,1518870.0
2019-05-06,HOSE:CII,23200.0,23500.0,22850.0,23500.0,547100.0
2019-05-07,HOSE:CII,23650.0,23650.0,22900.0,23500.0,333470.0
2019-05-08,HOSE:CII,23500.0,23500.0,22950.0,23150.0,262500.0
2019-05-09,HOSE:CII,23300.0,23400.0,22950.0,23300.0,318730.0
2019-05-10,HOSE:CII,23300.0,23400.0,22950.0,23300.0,525820.0
2019-05-13,HOSE:CII,23000.0,23300.0,22900.0,23250.0,548990.0
2019-05-14,HOSE:CII,23200.0,23200.0,22950.0,23000.0,260170.0
2019-05-15,HOSE:CII,23000.0,23200.0,22950.0,23200.0,222390.0
2019-05-16,HOSE:CII,23100.0,23400.0,23000.0,23400.0,495300.0
2019-05-17,HOSE:CII,23100.0,23450.0,23100.0,23150.0,1038630.0
2019-05-20,HOSE:CII,23150.0,23300.0,23150.0,23150.0,261180.0
2019-05-21,HOSE:CII,23150.0,23450.0,23150.0,23450.0,433070.0
2019-05-22,HOSE:CII,23450.0,23500.0,23050.0,23050.0,333060.0
2019-05-23,HOSE:CII,23100.0,23300.0,23050.0,23050.0,220020.0
2019-05-24,HOSE:CII,23000.0,23350.0,23000.0,23300.0,502620.0
2019-05-27,HOSE:CII,23300.0,23450.0,23050.0,23350.0,757160.0
2019-05-28,HOSE:CII,23350.0,23400.0,23200.0,23300.0,387800.0
2019-05-29,HOSE:CII,23350.0,23350.0,23000.0,23000.0,232500.0
2019-05-30,HOSE:CII,23150.0,23200.0,22850.0,23200.0,410920.0
2019-05-31,HOSE:CII,23200.0,23200.0,22850.0,23050.0,234990.0
2019-06-03,HOSE:CII,23000.0,23000.0,22000.0,22750.0,1303380.0
2019-06-04,HOSE:CII,22850.0,22900.0,22100.0,22900.0,1041530.0
2019-06-05,HOSE:CII,22500.0,22900.0,22500.0,22900.0,148760.0
2019-06-06,HOSE:CII,22700.0,22900.0,22650.0,22700.0,91920.0
2019-06-07,HOSE:CII,22700.0,22900.0,22600.0,22850.0,168830.0
2019-06-10,HOSE:CII,22750.0,23050.0,22750.0,23000.0,745790.0
2019-06-11,HOSE:CII,23050.0,23050.0,22850.0,23000.0,279700.0
2019-06-12,HOSE:CII,22950.0,22950.0,22800.0,22800.0,105790.0
2019-06-13,HOSE:CII,22900.0,22900.0,22700.0,22800.0,241180.0
2019-06-14,HOSE:CII,22650.0,22900.0,22600.0,22850.0,1287440.0
2019-06-17,HOSE:CII,22900.0,22900.0,22450.0,22450.0,1726160.0
2019-06-18,HOSE:CII,22650.0,23000.0,22100.0,23000.0,424040.0
2019-06-19,HOSE:CII,23000.0,23000.0,22300.0,22450.0,205750.0
2019-06-20,HOSE:CII,22300.0,22800.0,22250.0,22600.0,283430.0
2019-06-21,HOSE:CII,22350.0,22600.0,22200.0,22600.0,395650.0
2019-06-24,HOSE:CII,22600.0,22800.0,22100.0,22550.0,323060.0
2019-06-25,HOSE:CII,22550.0,22550.0,22250.0,22500.0,212470.0
2019-06-26,HOSE:CII,22200.0,22500.0,22200.0,22450.0,209740.0
2019-06-27,HOSE:CII,22200.0,22700.0,22150.0,22150.0,385110.0
2019-06-28,HOSE:CII,22400.0,22500.0,21800.0,22500.0,400500.0
2019-07-01,HOSE:CII,22000.0,22550.0,21700.0,21700.0,1102160.0
2019-07-02,HOSE:CII,21600.0,22500.0,21600.0,22500.0,299600.0
2019-07-03,HOSE:CII,22500.0,22500.0,22000.0,22300.0,155190.0
2019-07-04,HOSE:CII,22300.0,22300.0,21900.0,21900.0,734680.0
2019-07-05,HOSE:CII,22200.0,22400.0,21800.0,22400.0,387200.0
2019-07-08,HOSE:CII,21850.0,22200.0,21800.0,22000.0,668010.0
2019-07-09,HOSE:CII,21800.0,21900.0,21400.0,21750.0,608790.0
2019-07-10,HOSE:CII,21750.0,22300.0,21500.0,22300.0,631190.0
2019-07-11,HOSE:CII,22200.0,22500.0,22000.0,22400.0,353370.0
2019-07-12,HOSE:CII,22400.0,22400.0,22000.0,22000.0,174270.0
2019-07-15,HOSE:CII,22050.0,22200.0,21850.0,22100.0,301720.0
2019-07-16,HOSE:CII,22100.0,22150.0,21950.0,22000.0,435370.0
2019-07-17,HOSE:CII,21850.0,22000.0,21750.0,22000.0,894840.0
2019-07-18,HOSE:CII,21700.0,21900.0,21650.0,21650.0,214060.0
2019-07-19,HOSE:CII,21650.0,22000.0,21500.0,22000.0,442030.0
2019-07-22,HOSE:CII,22000.0,22450.0,21600.0,22000.0,711660.0
2019-07-23,HOSE:CII,22000.0,22250.0,21850.0,22000.0,588370.0
2019-07-24,HOSE:CII,21950.0,22200.0,21850.0,22000.0,194030.0
2019-07-25,HOSE:CII,21800.0,22050.0,21800.0,22000.0,152190.0
2019-07-26,HOSE:CII,22000.0,22000.0,21800.0,21950.0,168260.0
2019-07-29,HOSE:CII,21800.0,22000.0,21800.0,21900.0,184420.0
2019-07-30,HOSE:CII,21850.0,21900.0,21650.0,21900.0,204350.0
2019-07-31,HOSE:CII,21700.0,21900.0,21600.0,21900.0,331960.0
2019-08-01,HOSE:CII,21700.0,21900.0,21150.0,21800.0,846320.0
2019-08-02,HOSE:CII,21600.0,21850.0,21500.0,21800.0,982990.0
2019-08-05,HOSE:CII,21800.0,22000.0,21350.0,22000.0,553470.0
2019-08-06,HOSE:CII,21500.0,21600.0,20900.0,21500.0,656260.0
2019-08-07,HOSE:CII,21200.0,21200.0,20950.0,21000.0,325460.0
2019-08-08,HOSE:CII,20900.0,21750.0,20800.0,21700.0,1221930.0
2019-08-09,HOSE:CII,21700.0,21700.0,21050.0,21050.0,2014110.0
2019-08-12,HOSE:CII,21100.0,21450.0,20950.0,21300.0,751640.0
2019-08-13,HOSE:CII,20900.0,21200.0,20850.0,21150.0,264810.0
2019-08-14,HOSE:CII,20250.0,21250.0,20250.0,21050.0,661200.0
2019-08-15,HOSE:CII,21050.0,21150.0,20800.0,21000.0,208130.0
2019-08-16,HOSE:CII,21000.0,21050.0,20900.0,21000.0,406170.0
2019-08-19,HOSE:CII,21000.0,21200.0,20850.0,20850.0,207460.0
2019-08-20,HOSE:CII,20800.0,21000.0,20650.0,20850.0,983610.0
2019-08-21,HOSE:CII,20850.0,20900.0,20750.0,20800.0,223900.0
2019-08-22,HOSE:CII,20600.0,20950.0,20350.0,20500.0,427670.0
2019-08-23,HOSE:CII,20400.0,20550.0,20400.0,20500.0,416500.0
2019-08-26,HOSE:CII,20400.0,20400.0,19850.0,20300.0,705680.0
2019-08-27,HOSE:CII,20300.0,20300.0,19950.0,20050.0,204400.0
2019-08-28,HOSE:CII,20000.0,20100.0,19900.0,20000.0,1560200.0
2019-08-29,HOSE:CII,19600.0,21100.0,19600.0,20750.0,683540.0
2019-08-30,HOSE:CII,21500.0,21500.0,20800.0,21050.0,963240.0
2019-09-03,HOSE:CII,20850.0,20900.0,20600.0,20700.0,2858480.0
2019-09-04,HOSE:CII,20500.0,20500.0,20200.0,20400.0,470420.0
2019-09-05,HOSE:CII,20200.0,20400.0,20200.0,20300.0,698220.0
2019-09-06,HOSE:CII,20150.0,20550.0,20150.0,20550.0,2157200.0
2019-09-09,HOSE:CII,20600.0,20600.0,20100.0,20500.0,361500.0
2019-09-10,HOSE:CII,20500.0,20500.0,20000.0,20000.0,365190.0
2019-09-11,HOSE:CII,20050.0,20400.0,20000.0,20300.0,487930.0
2019-09-12,HOSE:CII,20400.0,20500.0,20300.0,20500.0,376880.0
2019-09-13,HOSE:CII,20500.0,20900.0,20500.0,20650.0,310360.0
2019-09-16,HOSE:CII,20650.0,20700.0,20500.0,20700.0,245020.0
2019-09-17,HOSE:CII,20700.0,20800.0,20500.0,20650.0,184050.0
2019-09-18,HOSE:CII,20650.0,20800.0,20500.0,20650.0,183440.0
2019-09-19,HOSE:CII,20700.0,20700.0,20200.0,20600.0,300980.0
2019-09-20,HOSE:CII,20600.0,20600.0,20300.0,20300.0,3565140.0
2019-09-23,HOSE:CII,20500.0,20900.0,20450.0,20550.0,1067210.0
2019-09-24,HOSE:CII,20600.0,20750.0,20450.0,20450.0,1400980.0
2019-09-25,HOSE:CII,20450.0,21050.0,20450.0,20500.0,1030370.0
2019-09-26,HOSE:CII,20850.0,20850.0,20600.0,20750.0,357160.0
2019-09-27,HOSE:CII,20750.0,21750.0,20750.0,21400.0,1844710.0
2019-09-30,HOSE:CII,21400.0,22200.0,21400.0,22000.0,2801590.0
2019-10-01,HOSE:CII,22100.0,23500.0,21950.0,23500.0,2193660.0
2019-10-02,HOSE:CII,23100.0,23450.0,22900.0,23350.0,856540.0
2019-10-03,HOSE:CII,23000.0,23100.0,22550.0,23000.0,2020850.0
2019-10-04,HOSE:CII,23100.0,24600.0,23000.0,24450.0,2480920.0
2019-10-07,HOSE:CII,24500.0,25000.0,24000.0,24450.0,1038510.0
2019-10-08,HOSE:CII,24400.0,25200.0,24300.0,25100.0,1908920.0
2019-10-09,HOSE:CII,25100.0,25500.0,24300.0,24750.0,2176770.0
2019-10-10,HOSE:CII,24800.0,25000.0,24100.0,24400.0,860700.0
2019-10-11,HOSE:CII,24100.0,24400.0,24000.0,24300.0,724330.0
2019-10-14,HOSE:CII,24900.0,24900.0,24300.0,24450.0,562630.0
2019-10-15,HOSE:CII,24250.0,24550.0,24200.0,24500.0,310360.0
2019-10-16,HOSE:CII,24700.0,24700.0,24300.0,24450.0,865550.0
2019-10-17,HOSE:CII,24500.0,24550.0,24050.0,24200.0,370310.0
2019-10-18,HOSE:CII,24500.0,25500.0,24500.0,25250.0,1104230.0
2019-10-21,HOSE:CII,25500.0,25500.0,24800.0,25000.0,318430.0
2019-10-22,HOSE:CII,25000.0,25000.0,24400.0,24400.0,1161370.0
2019-10-23,HOSE:CII,24450.0,24500.0,24200.0,24200.0,315000.0
2019-10-24,HOSE:CII,24700.0,24700.0,24150.0,24350.0,193850.0
2019-10-25,HOSE:CII,24600.0,24600.0,23900.0,23900.0,432530.0
2019-10-28,HOSE:CII,23900.0,24100.0,23800.0,23850.0,208580.0
2019-10-29,HOSE:CII,23950.0,23950.0,23450.0,23600.0,342880.0
2019-10-30,HOSE:CII,23900.0,23900.0,23400.0,23700.0,198700.0
2019-10-31,HOSE:CII,23900.0,24300.0,23700.0,23900.0,191700.0
2019-11-01,HOSE:CII,23900.0,24600.0,23750.0,24500.0,578430.0
2019-11-04,HOSE:CII,24750.0,24850.0,24350.0,24350.0,1478720.0
2019-11-05,HOSE:CII,24500.0,24750.0,24150.0,24300.0,433860.0
2019-11-06,HOSE:CII,24300.0,24500.0,24000.0,24000.0,480300.0
2019-11-07,HOSE:CII,24200.0,24200.0,24000.0,24000.0,214030.0
2019-11-08,HOSE:CII,24000.0,24200.0,23850.0,24000.0,358700.0
2019-11-11,HOSE:CII,24000.0,24950.0,24000.0,24100.0,276770.0
2019-11-12,HOSE:CII,24300.0,24300.0,24100.0,24250.0,239330.0
2019-11-13,HOSE:CII,24400.0,24400.0,23900.0,24000.0,489990.0
2019-11-14,HOSE:CII,24350.0,24350.0,23500.0,23900.0,277330.0
2019-11-15,HOSE:CII,23600.0,23900.0,23600.0,23700.0,135500.0
2019-11-18,HOSE:CII,23700.0,24000.0,23600.0,24000.0,162460.0
2019-11-19,HOSE:CII,23950.0,24700.0,23950.0,24700.0,764670.0
2019-11-20,HOSE:CII,24900.0,24900.0,24250.0,24300.0,316830.0
2019-11-21,HOSE:CII,24300.0,24800.0,24000.0,24800.0,386380.0
2019-11-22,HOSE:CII,24800.0,24800.0,23100.0,24000.0,477420.0
2019-11-25,HOSE:CII,23150.0,24000.0,23150.0,24000.0,649120.0
2019-11-26,HOSE:CII,24000.0,24400.0,23650.0,23650.0,232850.0
2019-11-27,HOSE:CII,23650.0,23650.0,23300.0,23300.0,282410.0
2019-11-28,HOSE:CII,23500.0,23600.0,22850.0,23150.0,148390.0
2019-11-29,HOSE:CII,23000.0,24000.0,23000.0,24000.0,234720.0
2019-12-02,HOSE:CII,24000.0,24000.0,22850.0,23000.0,1172850.0
2019-12-03,HOSE:CII,23100.0,23100.0,22650.0,22700.0,826360.0
2019-12-04,HOSE:CII,22600.0,23000.0,22600.0,22700.0,648110.0
2019-12-05,HOSE:CII,22600.0,23450.0,22550.0,22700.0,251030.0
2019-12-06,HOSE:CII,22550.0,23000.0,22500.0,23000.0,85540.0
2019-12-09,HOSE:CII,23000.0,23200.0,23000.0,23100.0,260450.0
2019-12-10,HOSE:CII,23100.0,23150.0,22550.0,22850.0,2871550.0
2019-12-11,HOSE:CII,22900.0,22900.0,22500.0,22500.0,70810.0
2019-12-12,HOSE:CII,22400.0,22850.0,22350.0,22750.0,2280580.0
2019-12-13,HOSE:CII,22850.0,23000.0,22600.0,22750.0,65840.0
2019-12-16,HOSE:CII,22600.0,22900.0,22550.0,22750.0,255430.0
2019-12-17,HOSE:CII,22600.0,22750.0,22300.0,22750.0,1537540.0
2019-12-18,HOSE:CII,22750.0,22800.0,22550.0,22700.0,143720.0
2019-12-19,HOSE:CII,22800.0,22800.0,22400.0,22500.0,76240.0
2019-12-20,HOSE:CII,22500.0,22650.0,22350.0,22650.0,144250.0
2019-12-23,HOSE:CII,22600.0,22750.0,22100.0,22100.0,558860.0
2019-12-24,HOSE:CII,22100.0,22350.0,21900.0,22000.0,112620.0
2019-12-25,HOSE:CII,22400.0,22600.0,21900.0,22600.0,183110.0
2019-12-26,HOSE:CII,22600.0,22600.0,22000.0,22300.0,96450.0
2019-12-27,HOSE:CII,22000.0,22050.0,21900.0,22000.0,155750.0
2019-12-30,HOSE:CII,22000.0,22600.0,21500.0,22600.0,232600.0
2019-12-31,HOSE:CII,22400.0,22500.0,22000.0,22500.0,285680.0
2020-01-02,HOSE:CII,22100.0,22800.0,22100.0,22600.0,1582080.0
2020-01-03,HOSE:CII,22600.0,23300.0,22500.0,23100.0,327750.0
2020-01-06,HOSE:CII,22700.0,23200.0,22700.0,23000.0,115860.0
2020-01-07,HOSE:CII,23000.0,23300.0,23000.0,23300.0,254360.0
2020-01-08,HOSE:CII,23000.0,23900.0,21800.0,21800.0,1393720.0
2020-01-09,HOSE:CII,21900.0,22900.0,21900.0,22900.0,803420.0
2020-01-10,HOSE:CII,22900.0,23800.0,22700.0,23800.0,2633190.0
2020-01-13,HOSE:CII,24000.0,24050.0,23750.0,23750.0,425870.0
2020-01-14,HOSE:CII,23750.0,24700.0,23700.0,24600.0,829290.0
2020-01-15,HOSE:CII,24600.0,25900.0,24600.0,25900.0,907260.0
2020-01-16,HOSE:CII,25750.0,26200.0,25000.0,26000.0,1165480.0
2020-01-17,HOSE:CII,25400.0,26300.0,25400.0,26000.0,755260.0
2020-01-20,HOSE:CII,26000.0,26300.0,26000.0,26000.0,1440280.0
2020-01-21,HOSE:CII,25400.0,26200.0,25400.0,25900.0,244435.0
2020-01-22,HOSE:CII,25900.0,25900.0,25100.0,25500.0,144210.0
2020-01-30,HOSE:CII,24700.0,25350.0,24600.0,25000.0,154920.0
2020-01-31,HOSE:CII,25000.0,25000.0,24050.0,24500.0,131830.0
2020-02-03,HOSE:CII,24500.0,24500.0,22900.0,24250.0,383810.0
2020-02-04,HOSE:CII,23850.0,24500.0,23150.0,24200.0,306250.0
2020-02-05,HOSE:CII,24200.0,24300.0,23600.0,24150.0,144220.0
2020-02-06,HOSE:CII,23600.0,24200.0,23600.0,23950.0,130220.0
2020-02-07,HOSE:CII,24000.0,24300.0,23600.0,23800.0,856610.0
2020-02-10,HOSE:CII,23600.0,24000.0,23600.0,23800.0,143310.0
2020-02-11,HOSE:CII,23800.0,24100.0,23600.0,23850.0,288180.0
2020-02-12,HOSE:CII,24150.0,24200.0,23750.0,23900.0,314410.0
2020-02-13,HOSE:CII,23950.0,23950.0,23100.0,23800.0,235180.0
2020-02-14,HOSE:CII,23600.0,23900.0,23400.0,23800.0,136340.0
2020-02-17,HOSE:CII,23800.0,23800.0,23400.0,23400.0,247090.0
2020-02-18,HOSE:CII,23200.0,23500.0,23050.0,23500.0,116600.0
2020-02-19,HOSE:CII,23400.0,23450.0,22950.0,23300.0,584790.0
2020-02-20,HOSE:CII,23200.0,23500.0,23050.0,23500.0,258590.0
2020-02-21,HOSE:CII,23500.0,23500.0,23050.0,23300.0,123030.0
2020-02-24,HOSE:CII,23100.0,23100.0,22000.0,23000.0,1001730.0
2020-02-25,HOSE:CII,22100.0,22800.0,22100.0,22800.0,371610.0
2020-02-26,HOSE:CII,22350.0,22350.0,22150.0,22300.0,228640.0
2020-02-27,HOSE:CII,22000.0,22450.0,22000.0,22450.0,577840.0
2020-02-28,HOSE:CII,22200.0,22200.0,20950.0,21500.0,889150.0
2020-03-02,HOSE:CII,21550.0,21550.0,21100.0,21500.0,455640.0
2020-03-03,HOSE:CII,21200.0,22500.0,21200.0,22500.0,1233490.0
2020-03-04,HOSE:CII,22500.0,22650.0,22000.0,22650.0,879650.0
2020-03-05,HOSE:CII,22800.0,22800.0,22300.0,22700.0,159710.0
2020-03-06,HOSE:CII,22700.0,22700.0,21300.0,21600.0,1995220.0
2020-03-09,HOSE:CII,21300.0,21300.0,20100.0,21000.0,443320.0
2020-03-10,HOSE:CII,20000.0,22000.0,20000.0,21950.0,234610.0
2020-03-11,HOSE:CII,21950.0,21950.0,20600.0,21500.0,331010.0
2020-03-12,HOSE:CII,20900.0,21100.0,20000.0,20550.0,755620.0
2020-03-13,HOSE:CII,19800.0,21300.0,19200.0,21000.0,896280.0
2020-03-16,HOSE:CII,20400.0,20400.0,19750.0,19800.0,659460.0
2020-03-17,HOSE:CII,19250.0,20000.0,19200.0,19800.0,466770.0
2020-03-18,HOSE:CII,19350.0,21000.0,19350.0,21000.0,1805440.0
2020-03-19,HOSE:CII,20500.0,21450.0,19600.0,19700.0,897980.0
2020-03-20,HOSE:CII,19800.0,19900.0,19400.0,19900.0,535780.0
2020-03-23,HOSE:CII,19300.0,19300.0,18550.0,18550.0,628410.0
2020-03-24,HOSE:CII,17600.0,19100.0,17600.0,18750.0,592960.0
2020-03-25,HOSE:CII,18950.0,19800.0,18700.0,19800.0,1957820.0
2020-03-26,HOSE:CII,19850.0,19900.0,18450.0,18450.0,408650.0
2020-03-27,HOSE:CII,19150.0,19150.0,18450.0,18500.0,233370.0
2020-03-30,HOSE:CII,18800.0,18800.0,17300.0,18000.0,348650.0
2020-03-31,HOSE:CII,18100.0,18900.0,17800.0,18100.0,475180.0
2020-04-01,HOSE:CII,18450.0,18700.0,18100.0,18700.0,521430.0
2020-04-03,HOSE:CII,18700.0,19000.0,18500.0,18750.0,1827520.0
2020-04-06,HOSE:CII,18800.0,19750.0,18550.0,19400.0,2302410.0
2020-04-07,HOSE:CII,19400.0,19700.0,18550.0,19300.0,1816810.0
2020-04-08,HOSE:CII,18600.0,19150.0,18600.0,18650.0,854840.0
2020-04-09,HOSE:CII,18750.0,18850.0,18100.0,18100.0,1495110.0
2020-04-10,HOSE:CII,18100.0,18650.0,18100.0,18400.0,867830.0
2020-04-13,HOSE:CII,18650.0,18900.0,18400.0,18650.0,1244290.0
2020-04-14,HOSE:CII,18650.0,18800.0,18400.0,18550.0,450360.0
2020-04-15,HOSE:CII,18750.0,19150.0,18550.0,18750.0,1505360.0
2020-04-16,HOSE:CII,18750.0,20050.0,18500.0,20000.0,2306780.0
2020-04-17,HOSE:CII,20100.0,20800.0,20100.0,20150.0,3393900.0
2020-04-20,HOSE:CII,20000.0,20500.0,19750.0,19800.0,1219710.0
2020-04-21,HOSE:CII,19350.0,19700.0,18600.0,19700.0,1883250.0
2020-04-22,HOSE:CII,19100.0,19750.0,18800.0,19600.0,3370030.0
2020-04-23,HOSE:CII,19600.0,19950.0,19250.0,19250.0,935150.0
2020-04-24,HOSE:CII,19250.0,19350.0,19000.0,19050.0,3044770.0
2020-04-27,HOSE:CII,19100.0,19750.0,19100.0,19450.0,4500180.0
2020-04-28,HOSE:CII,19750.0,20100.0,19650.0,19850.0,1275050.0
2020-04-29,HOSE:CII,20000.0,20100.0,19600.0,19850.0,1169270.0
2020-05-04,HOSE:CII,19600.0,20000.0,19300.0,19300.0,3189254.0
2020-05-05,HOSE:CII,19500.0,19750.0,19250.0,19400.0,1171380.0
2020-05-06,HOSE:CII,19500.0,19500.0,19250.0,19400.0,930130.0
2020-05-07,HOSE:CII,19450.0,19900.0,19450.0,19800.0,948460.0
2020-05-08,HOSE:CII,20050.0,20150.0,19700.0,19700.0,1274320.0
2020-05-11,HOSE:CII,19800.0,19850.0,19450.0,19700.0,646680.0
2020-05-12,HOSE:CII,19650.0,20500.0,19450.0,20350.0,2097800.0
2020-05-13,HOSE:CII,20300.0,21700.0,20100.0,21000.0,1352290.0
2020-05-14,HOSE:CII,21000.0,21250.0,20600.0,20650.0,1245400.0
2020-05-15,HOSE:CII,20600.0,20900.0,20100.0,20300.0,1745880.0
2020-05-18,HOSE:CII,20400.0,20700.0,20300.0,20700.0,1359570.0
2020-05-19,HOSE:CII,20850.0,20850.0,20450.0,20450.0,897940.0
2020-05-20,HOSE:CII,20350.0,20700.0,20350.0,20500.0,868290.0
2020-05-21,HOSE:CII,20600.0,20600.0,20100.0,20100.0,1732790.0
2020-05-22,HOSE:CII,20050.0,20250.0,19700.0,19700.0,1493840.0
2020-05-25,HOSE:CII,19700.0,20000.0,19700.0,19800.0,1510640.0
2020-05-26,HOSE:CII,19900.0,20100.0,19850.0,19900.0,1080460.0
2020-05-27,HOSE:CII,20150.0,20600.0,19900.0,20000.0,1460270.0
2020-05-28,HOSE:CII,20000.0,20150.0,19850.0,19850.0,683980.0
2020-05-29,HOSE:CII,19850.0,19900.0,19200.0,19300.0,1645170.0
2020-06-01,HOSE:CII,19300.0,19650.0,19300.0,19400.0,1791770.0
2020-06-02,HOSE:CII,19400.0,19550.0,19150.0,19150.0,1436420.0
2020-06-03,HOSE:CII,19200.0,19550.0,18600.0,19550.0,4133050.0
2020-06-04,HOSE:CII,19600.0,19650.0,19300.0,19350.0,1994620.0
2020-06-05,HOSE:CII,19350.0,19350.0,19050.0,19100.0,1300120.0
2020-06-08,HOSE:CII,19100.0,19500.0,19100.0,19200.0,4064320.0
2020-06-09,HOSE:CII,19300.0,20400.0,19150.0,19900.0,5742050.0
2020-06-10,HOSE:CII,19900.0,20400.0,19700.0,20000.0,2682360.0
2020-06-11,HOSE:CII,20100.0,20900.0,19500.0,19500.0,5040150.0
2020-06-12,HOSE:CII,18800.0,19650.0,18800.0,19500.0,2853340.0
2020-06-15,HOSE:CII,19600.0,19600.0,18600.0,18700.0,1984730.0
2020-06-16,HOSE:CII,19000.0,19150.0,18800.0,19050.0,1450060.0
2020-06-17,HOSE:CII,19000.0,19350.0,18850.0,19200.0,939610.0
2020-06-18,HOSE:CII,18900.0,19200.0,18900.0,18900.0,803050.0
2020-06-19,HOSE:CII,19100.0,19250.0,18950.0,19150.0,1101600.0
2020-06-22,HOSE:CII,19150.0,19250.0,18950.0,19000.0,1291490.0
2020-06-23,HOSE:CII,19150.0,19500.0,19000.0,19100.0,1123420.0
2020-06-24,HOSE:CII,19200.0,19250.0,18850.0,18900.0,1076050.0
2020-06-25,HOSE:CII,18750.0,18900.0,18700.0,18700.0,1220070.0
2020-06-26,HOSE:CII,18850.0,19000.0,18400.0,18800.0,2303680.0
2020-06-29,HOSE:CII,18750.0,18800.0,17800.0,18150.0,1586930.0
2020-06-30,HOSE:CII,18400.0,18500.0,17900.0,18150.0,1001290.0
2020-07-01,HOSE:CII,18150.0,18400.0,18000.0,18200.0,1864170.0
2020-07-02,HOSE:CII,18250.0,18350.0,18100.0,18100.0,764530.0
2020-07-03,HOSE:CII,18100.0,18750.0,18100.0,18450.0,939960.0
2020-07-06,HOSE:CII,18500.0,18650.0,18450.0,18500.0,2723310.0
2020-07-07,HOSE:CII,18550.0,18550.0,18200.0,18200.0,1119290.0
2020-07-08,HOSE:CII,18150.0,18250.0,18100.0,18100.0,820200.0
2020-07-09,HOSE:CII,18150.0,18350.0,18100.0,18250.0,1116490.0
2020-07-10,HOSE:CII,18250.0,18500.0,18100.0,18200.0,1171290.0
2020-07-13,HOSE:CII,18200.0,18300.0,18050.0,18150.0,1753010.0
2020-07-14,HOSE:CII,18200.0,18250.0,18000.0,18250.0,1736340.0
2020-07-15,HOSE:CII,18250.0,18300.0,18000.0,18000.0,1371300.0
2020-07-16,HOSE:CII,18000.0,18300.0,17950.0,17950.0,1289320.0
2020-07-17,HOSE:CII,17950.0,18100.0,17950.0,18000.0,963980.0
2020-07-20,HOSE:CII,18000.0,18050.0,17500.0,17500.0,2013760.0
2020-07-21,HOSE:CII,17600.0,18100.0,17200.0,18100.0,1732030.0
2020-07-22,HOSE:CII,18100.0,18250.0,17900.0,18100.0,1422120.0
2020-07-23,HOSE:CII,18000.0,18150.0,17800.0,17800.0,1840100.0
2020-07-24,HOSE:CII,17750.0,18000.0,16650.0,18000.0,2618490.0
2020-07-27,HOSE:CII,17150.0,17500.0,16800.0,17100.0,2137110.0
2020-07-28,HOSE:CII,17100.0,17500.0,17000.0,17200.0,996000.0
2020-07-29,HOSE:CII,17100.0,17600.0,16550.0,17600.0,4767897.0
2020-07-30,HOSE:CII,17500.0,17650.0,17300.0,17500.0,2827730.0
2020-07-31,HOSE:CII,17050.0,17500.0,17050.0,17400.0,470060.0
2020-08-03,HOSE:CII,17100.0,17600.0,17100.0,17500.0,3520417.0
2020-08-04,HOSE:CII,17650.0,17850.0,17550.0,17700.0,2492380.0
2020-08-05,HOSE:CII,17750.0,17950.0,17650.0,17700.0,527850.0
2020-08-06,HOSE:CII,17650.0,17700.0,17250.0,17350.0,978410.0
2020-08-07,HOSE:CII,17400.0,17550.0,17300.0,17350.0,4084080.0
2020-08-10,HOSE:CII,17400.0,18100.0,17350.0,17600.0,1734410.0
2020-08-11,HOSE:CII,17600.0,17900.0,17550.0,17850.0,930190.0
2020-08-12,HOSE:CII,17950.0,17950.0,17700.0,17700.0,3725110.0
2020-08-13,HOSE:CII,17800.0,17850.0,17650.0,17650.0,754700.0
2020-08-14,HOSE:CII,17650.0,17700.0,17350.0,17350.0,3425480.0
2020-08-17,HOSE:CII,17450.0,17700.0,17350.0,17450.0,3617570.0
2020-08-18,HOSE:CII,17550.0,18250.0,17550.0,18000.0,2502290.0
2020-08-19,HOSE:CII,18000.0,18150.0,17900.0,17950.0,833150.0
2020-08-20,HOSE:CII,17900.0,18000.0,17750.0,17800.0,3306450.0
2020-08-21,HOSE:CII,17800.0,18050.0,17700.0,17900.0,865400.0
2020-08-24,HOSE:CII,18000.0,18400.0,18000.0,18350.0,2431150.0
2020-08-25,HOSE:CII,18450.0,18450.0,18150.0,18150.0,2257080.0
2020-08-26,HOSE:CII,18150.0,18450.0,18100.0,18300.0,1174340.0
2020-08-27,HOSE:CII,18400.0,19100.0,18300.0,19000.0,3638320.0
2020-08-28,HOSE:CII,19100.0,19350.0,18950.0,18950.0,1394040.0
2020-08-31,HOSE:CII,18950.0,19200.0,18500.0,18500.0,1041860.0
2020-09-01,HOSE:CII,18550.0,18800.0,18450.0,18700.0,1160400.0
2020-09-03,HOSE:CII,18600.0,19100.0,18500.0,18650.0,2085030.0
2020-09-04,HOSE:CII,18400.0,18500.0,18350.0,18400.0,1513180.0
2020-09-07,HOSE:CII,18400.0,18400.0,17950.0,17950.0,2121850.0
2020-09-08,HOSE:CII,18100.0,18200.0,17850.0,18000.0,936840.0
2020-09-09,HOSE:CII,17900.0,17900.0,17700.0,17800.0,1613880.0
2020-09-10,HOSE:CII,18050.0,18200.0,17900.0,18000.0,2255360.0
2020-09-11,HOSE:CII,17900.0,18100.0,17900.0,17950.0,420100.0
2020-09-14,HOSE:CII,18000.0,18150.0,17950.0,18000.0,1165660.0
2020-09-15,HOSE:CII,18100.0,18200.0,18000.0,18100.0,713820.0
2020-09-16,HOSE:CII,18150.0,18550.0,18150.0,18450.0,1957510.0
2020-09-17,HOSE:CII,18500.0,18900.0,18400.0,18650.0,2237030.0
2020-09-18,HOSE:CII,18700.0,18800.0,18500.0,18650.0,1316590.0
2020-09-21,HOSE:CII,18650.0,18900.0,18450.0,18450.0,2368500.0
2020-09-22,HOSE:CII,18400.0,18550.0,18250.0,18350.0,1489680.0
2020-09-23,HOSE:CII,18500.0,18600.0,18350.0,18400.0,1060020.0
2020-09-24,HOSE:CII,18350.0,18350.0,18150.0,18150.0,1640720.0
2020-09-25,HOSE:CII,18200.0,18300.0,18000.0,18000.0,1876900.0
2020-09-28,HOSE:CII,18050.0,18200.0,18000.0,18050.0,1683880.0
2020-09-29,HOSE:CII,18100.0,18200.0,18000.0,18050.0,1104640.0
2020-09-30,HOSE:CII,18050.0,18100.0,17950.0,18050.0,767240.0
2020-10-01,HOSE:CII,18200.0,18300.0,18100.0,18250.0,920050.0
2020-10-02,HOSE:CII,18350.0,18900.0,18250.0,18900.0,4485330.0
2020-10-05,HOSE:CII,19200.0,19250.0,18950.0,19000.0,2747930.0
2020-10-06,HOSE:CII,19100.0,19150.0,18800.0,19000.0,1601430.0
2020-10-07,HOSE:CII,19000.0,19750.0,18800.0,19200.0,5296650.0
2020-10-08,HOSE:CII,19200.0,19450.0,18950.0,19000.0,3216420.0
2020-10-09,HOSE:CII,19000.0,19200.0,18950.0,19000.0,1434000.0
2020-10-12,HOSE:CII,19200.0,19250.0,18900.0,18900.0,3725350.0
2020-10-13,HOSE:CII,18900.0,18950.0,18750.0,18750.0,1224850.0
2020-10-14,HOSE:CII,18750.0,18850.0,18550.0,18600.0,2284540.0
2020-10-15,HOSE:CII,18650.0,18650.0,18350.0,18350.0,3118300.0
2020-10-16,HOSE:CII,18450.0,18500.0,18250.0,18350.0,2416930.0
2020-10-19,HOSE:CII,18500.0,18850.0,18450.0,18700.0,1066760.0
2020-10-20,HOSE:CII,18750.0,18950.0,18650.0,18800.0,1507180.0
2020-10-21,HOSE:CII,18800.0,18800.0,18500.0,18500.0,1433870.0
2020-10-22,HOSE:CII,17400.0,17650.0,17350.0,17600.0,1149280.0
2020-10-23,HOSE:CII,17600.0,17800.0,17500.0,17550.0,886990.0
2020-10-26,HOSE:CII,17550.0,17600.0,17000.0,17000.0,1629250.0
2020-10-27,HOSE:CII,17000.0,17250.0,16450.0,16700.0,1943250.0
2020-10-28,HOSE:CII,16700.0,16700.0,16050.0,16200.0,2051640.0
2020-10-29,HOSE:CII,15900.0,16700.0,15800.0,16550.0,1659030.0
2020-10-30,HOSE:CII,16600.0,16700.0,16200.0,16450.0,1144520.0
2020-11-02,HOSE:CII,16400.0,16500.0,16200.0,16350.000000000002,1434490.0
2020-11-03,HOSE:CII,16350.000000000002,16800.0,16300.0,16800.0,1024420.0
2020-11-04,HOSE:CII,16600.0,17150.0,16550.0,16950.0,886730.0
2020-11-05,HOSE:CII,16900.0,17000.0,16600.0,16600.0,645270.0
2020-11-06,HOSE:CII,16650.0,16900.0,16550.0,16650.0,1167310.0
2020-11-09,HOSE:CII,16850.0,16950.0,16650.0,16700.0,1006710.0
2020-11-10,HOSE:CII,16900.0,16950.0,16650.0,16650.0,936040.0
2020-11-11,HOSE:CII,16650.0,17350.0,16650.0,17050.0,3933330.0
2020-11-12,HOSE:CII,17100.0,17400.0,17000.0,17100.0,1708310.0
2020-11-13,HOSE:CII,17100.0,17200.0,17000.0,17100.0,1097430.0
2020-11-16,HOSE:CII,17100.0,17200.0,16700.0,16700.0,1761140.0
2020-11-17,HOSE:CII,16700.0,16900.0,16650.0,16850.0,1053390.0
2020-11-18,HOSE:CII,16850.0,16950.0,16800.0,16850.0,937760.0
2020-11-19,HOSE:CII,16900.0,17200.0,16850.0,17000.0,1168580.0
2020-11-20,HOSE:CII,17050.0,17100.0,16850.0,17000.0,2257540.0
2020-11-23,HOSE:CII,17100.0,17600.0,17000.0,17450.0,2724290.0
2020-11-24,HOSE:CII,17450.0,17450.0,17200.0,17250.0,2464480.0
2020-11-25,HOSE:CII,17250.0,17700.0,17100.0,17550.0,3814150.0
2020-11-26,HOSE:CII,17600.0,17600.0,17400.0,17400.0,752950.0
2020-11-27,HOSE:CII,17350.0,17450.0,17200.0,17400.0,2294160.0
2020-11-30,HOSE:CII,17400.0,17450.0,17100.0,17250.0,2399780.0
2020-12-01,HOSE:CII,17000.0,17200.0,16950.0,17150.0,1324680.0
2020-12-02,HOSE:CII,17050.0,17150.0,17000.0,17050.0,2489750.0
2020-12-03,HOSE:CII,17200.0,17900.0,17100.0,17900.0,2895660.0
2020-12-04,HOSE:CII,18000.0,18400.0,17750.0,18200.0,11014650.0
2020-12-07,HOSE:CII,18200.0,18300.0,18100.0,18200.0,2980870.0
2020-12-08,HOSE:CII,18150.0,18750.0,18050.0,18650.0,4320570.0
2020-12-09,HOSE:CII,18650.0,18950.0,18550.0,18750.0,7587880.0
2020-12-10,HOSE:CII,18900.0,19100.0,18400.0,18400.0,4345500.0
2020-12-11,HOSE:CII,18400.0,18750.0,18300.0,18750.0,1433840.0
2020-12-14,HOSE:CII,18800.0,18950.0,18650.0,18750.0,1692510.0
2020-12-15,HOSE:CII,18750.0,19400.0,18650.0,19250.0,5949800.0
2020-12-16,HOSE:CII,19250.0,19600.0,19250.0,19400.0,3338060.0
2020-12-17,HOSE:CII,19300.0,19500.0,18800.0,19500.0,3993300.0
2020-12-18,HOSE:CII,19100.0,19450.0,19050.0,19400.0,3634580.0
2020-12-21,HOSE:CII,19400.0,19450.0,19100.0,19250.0,1470660.0
2020-12-22,HOSE:CII,19100.0,19300.0,18950.0,19200.0,2084210.0
2020-12-23,HOSE:CII,19450.0,20300.0,19400.0,19900.0,3987530.0
2020-12-24,HOSE:CII,20100.0,20100.0,19000.0,19800.0,2156980.0
2020-12-25,HOSE:CII,19950.0,19950.0,19400.0,19750.0,2237520.0
2020-12-28,HOSE:CII,19800.0,19900.0,19550.0,19800.0,2781610.0
2020-12-29,HOSE:CII,19900.0,21150.0,19750.0,21150.0,6635190.0
2020-12-30,HOSE:CII,21800.0,22050.0,21550.0,21800.0,4896470.0
2020-12-31,HOSE:CII,21400.0,21800.0,21200.0,21400.0,2943320.0
2021-01-04,HOSE:CII,21450.0,22750.0,21100.0,22150.0,4434230.0
2021-01-05,HOSE:CII,21800.0,22300.0,21750.0,22300.0,2334900.0
2021-01-06,HOSE:CII,22400.0,23000.0,22000.0,22300.0,3755800.0
2021-01-07,HOSE:CII,22150.0,22400.0,21900.0,22200.0,3591000.0
2021-01-08,HOSE:CII,22300.0,22550.0,22000.0,22300.0,3066400.0
2021-01-11,HOSE:CII,22450.0,23700.0,22100.0,23700.0,4931700.0
2021-01-12,HOSE:CII,23500.0,24400.0,23100.0,24300.0,3809100.0
2021-01-13,HOSE:CII,24700.0,24700.0,23750.0,24150.0,3717300.0
2021-01-14,HOSE:CII,23600.0,23950.0,23200.0,23900.0,4518700.0
2021-01-15,HOSE:CII,23800.0,23900.0,23550.0,23850.0,2454700.0
2021-01-18,HOSE:CII,23900.0,23900.0,23400.0,23550.0,2663100.0
2021-01-19,HOSE:CII,23300.0,23500.0,21950.0,23000.0,3961400.0
2021-01-20,HOSE:CII,22500.0,23000.0,21450.0,23000.0,2150000.0
2021-01-21,HOSE:CII,23200.0,23400.0,22500.0,23400.0,2161100.0
2021-01-22,HOSE:CII,23300.0,23700.0,23100.0,23200.0,2993500.0
2021-01-25,HOSE:CII,23300.0,23300.0,22750.0,22800.0,2073200.0
2021-01-26,HOSE:CII,22900.0,22900.0,21250.0,21900.0,2862100.0
2021-01-27,HOSE:CII,21900.0,22350.0,20600.0,21900.0,3547800.0
2021-01-28,HOSE:CII,20800.0,21000.0,20400.0,20400.0,3964100.0
2021-01-29,HOSE:CII,19050.0,21100.0,19050.0,20850.0,3051100.0
2021-02-01,HOSE:CII,20550.0,20650.0,19800.0,20100.0,2499200.0
2021-02-02,HOSE:CII,20250.0,20800.0,19700.0,20650.0,2243300.0
2021-02-03,HOSE:CII,20650.0,21950.0,20650.0,21650.0,1503800.0
2021-02-04,HOSE:CII,21600.0,21600.0,20950.0,21300.0,2336900.0
2021-02-05,HOSE:CII,21300.0,21300.0,20850.0,20900.0,7834900.0
2021-02-08,HOSE:CII,20900.0,21300.0,20050.0,20900.0,2429300.0
2021-02-09,HOSE:CII,20900.0,21450.0,20100.0,21350.0,2813800.0
2021-02-17,HOSE:CII,21400.0,22600.0,21200.0,22600.0,2875300.0
2021-02-18,HOSE:CII,22600.0,22600.0,22050.0,22600.0,3413200.0
2021-02-19,HOSE:CII,22250.0,22600.0,21800.0,21800.0,4807300.0
2021-02-22,HOSE:CII,22200.0,22500.0,21850.0,22200.0,8652000.0
2021-02-23,HOSE:CII,22300.0,22300.0,21900.0,22000.0,3286200.0
2021-02-24,HOSE:CII,22100.0,22300.0,21400.0,21850.0,1821700.0
2021-02-25,HOSE:CII,21850.0,22000.0,21350.0,21500.0,2536500.0
2021-02-26,HOSE:CII,21150.0,21450.0,21050.0,21300.0,1826200.0
2021-03-01,HOSE:CII,21500.0,22350.0,21400.0,22250.0,2029000.0
2021-03-02,HOSE:CII,22450.0,22500.0,22050.0,22250.0,3573500.0
2021-03-03,HOSE:CII,22000.0,22350.0,22000.0,22150.0,1289900.0
2021-03-04,HOSE:CII,22500.0,22650.0,21800.0,22200.0,2161600.0
2021-03-05,HOSE:CII,21950.0,23200.0,21750.0,23100.0,6152800.0
2021-03-08,HOSE:CII,23100.0,23800.0,22800.0,23450.0,4945800.0
2021-03-09,HOSE:CII,23000.0,23500.0,22600.0,23400.0,2954800.0
2021-03-10,HOSE:CII,23400.0,23500.0,22950.0,23450.0,2685000.0
2021-03-11,HOSE:CII,23750.0,24100.0,23400.0,23900.0,5038400.0
2021-03-12,HOSE:CII,24000.0,24000.0,23350.0,23750.0,1761000.0
2021-03-15,HOSE:CII,23850.0,23850.0,23500.0,23700.0,3006000.0
2021-03-16,HOSE:CII,23800.0,23850.0,23000.0,23700.0,2443900.0
2021-03-17,HOSE:CII,23700.0,23700.0,23000.0,23350.0,3158400.0
2021-03-18,HOSE:CII,23400.0,23550.0,23250.0,23400.0,2715500.0
2021-03-19,HOSE:CII,23500.0,24000.0,23350.0,24000.0,3481900.0
2021-03-22,HOSE:CII,24300.0,24750.0,24000.0,24400.0,6065100.0
2021-03-23,HOSE:CII,24450.0,24550.0,23500.0,24200.0,3723600.0
2021-03-24,HOSE:CII,23600.0,23900.0,23400.0,23400.0,2991400.0
2021-03-25,HOSE:CII,23400.0,23800.0,22900.0,23750.0,3940600.0
2021-03-26,HOSE:CII,23500.0,24150.0,22800.0,23900.0,4385200.0
2021-03-29,HOSE:CII,24000.0,25550.0,23800.0,25550.0,8799100.0
2021-03-30,HOSE:CII,25800.0,26050.0,25450.0,25600.0,3933600.0
2021-03-31,HOSE:CII,25550.0,25850.0,25350.0,25550.0,2761500.0
2021-04-01,HOSE:CII,25600.0,26000.0,25350.0,26000.0,3251100.0
2021-04-02,HOSE:CII,26500.0,26500.0,25950.0,25950.0,3410000.0
2021-04-05,HOSE:CII,25950.0,25950.0,25100.0,25400.0,5049000.0
2021-04-06,HOSE:CII,25150.0,25350.0,24800.0,25000.0,2728100.0
2021-04-07,HOSE:CII,25000.0,25600.0,25000.0,25050.0,3382100.0
2021-04-08,HOSE:CII,25400.0,25450.0,24900.0,24900.0,3411400.0
2021-04-09,HOSE:CII,25000.0,25050.0,24700.0,24700.0,4197400.0
2021-04-12,HOSE:CII,24700.0,25400.0,24700.0,25400.0,2212300.0
2021-04-13,HOSE:CII,25400.0,25600.0,24300.0,24700.0,3475000.0
2021-04-14,HOSE:CII,24500.0,24500.0,24000.0,24500.0,4945200.0
2021-04-15,HOSE:CII,24500.0,24700.0,23550.0,23850.0,5268700.0
2021-04-16,HOSE:CII,23600.0,23850.0,22400.0,22800.0,4680400.0
2021-04-19,HOSE:CII,23000.0,23450.0,22550.0,23000.0,2354000.0
2021-04-20,HOSE:CII,23000.0,23300.0,22600.0,22650.0,1899200.0
2021-04-22,HOSE:CII,22500.0,22650.0,21100.0,21100.0,3675500.0
2021-04-23,HOSE:CII,21100.0,21350.0,20500.0,21350.0,2392500.0
2021-04-26,HOSE:CII,21350.0,21850.0,20250.0,20250.0,2183800.0
2021-04-27,HOSE:CII,20000.0,21000.0,20000.0,20600.0,2983400.0
2021-04-28,HOSE:CII,20600.0,20900.0,20450.0,20600.0,1089600.0
2021-04-29,HOSE:CII,20600.0,20800.0,20300.0,20300.0,1150000.0
2021-05-04,HOSE:CII,19650.0,20150.0,19650.0,20000.0,2719100.0
2021-05-05,HOSE:CII,20200.0,20900.0,20050.0,20450.0,2937100.0
2021-05-06,HOSE:CII,20500.0,20800.0,20150.0,20300.0,1306200.0
2021-05-07,HOSE:CII,20300.0,20300.0,19550.0,19850.0,3786000.0
2021-05-10,HOSE:CII,19650.0,20150.0,19250.0,20050.0,3304100.0
2021-05-11,HOSE:CII,20200.0,21250.0,20150.0,21050.0,4422600.0
2021-05-12,HOSE:CII,21000.0,21500.0,20700.0,21150.0,4741600.0
2021-05-13,HOSE:CII,21000.0,21200.0,20950.0,21050.0,1817200.0
2021-05-14,HOSE:CII,21000.0,21100.0,20650.0,20700.0,3365300.0
2021-05-17,HOSE:CII,20750.0,20800.0,20200.0,20300.0,1415300.0
2021-05-18,HOSE:CII,20200.0,20300.0,19600.0,19750.0,1691700.0
2021-05-19,HOSE:CII,19600.0,20300.0,19300.0,20300.0,2907500.0
2021-05-20,HOSE:CII,20300.0,20300.0,19800.0,20000.0,960200.0
2021-05-21,HOSE:CII,19800.0,20150.0,19500.0,20000.0,1684300.0
2021-05-24,HOSE:CII,20300.0,20300.0,19750.0,20150.0,2889100.0
2021-05-25,HOSE:CII,20200.0,20950.0,20200.0,20800.0,3733509.0
2021-05-26,HOSE:CII,20800.0,20800.0,20350.0,20450.0,1660300.0
2021-05-27,HOSE:CII,20350.0,20700.0,19950.0,20200.0,1537400.0
2021-05-28,HOSE:CII,20000.0,20200.0,19800.0,20100.0,1524400.0
2021-05-31,HOSE:CII,20100.0,20150.0,19500.0,19850.0,2547100.0
2021-06-01,HOSE:CII,20000.0,20000.0,19500.0,19600.0,2088300.0
2021-06-02,HOSE:CII,19500.0,19700.0,19300.0,19600.0,2290500.0
2021-06-03,HOSE:CII,19800.0,20400.0,19550.0,20300.0,3672700.0
2021-06-04,HOSE:CII,20300.0,20350.0,19700.0,19850.0,2371500.0
2021-06-07,HOSE:CII,19850.0,20000.0,19500.0,19650.0,2516300.0
2021-06-08,HOSE:CII,19650.0,19700.0,18950.0,19000.0,3133600.0
2021-06-09,HOSE:CII,18700.0,18950.0,18200.0,18800.0,3870400.0
2021-06-10,HOSE:CII,18800.0,19100.0,18100.0,18200.0,3817500.0
2021-06-11,HOSE:CII,18450.0,19100.0,18300.0,19000.0,5161600.0
2021-06-14,HOSE:CII,19000.0,19150.0,18450.0,18750.0,3594400.0
2021-06-15,HOSE:CII,18600.0,18750.0,18450.0,18550.0,2655900.0
2021-06-16,HOSE:CII,18450.0,19150.0,18350.0,18800.0,3714200.0
2021-06-17,HOSE:CII,18550.0,19250.0,18550.0,19100.0,2456800.0
2021-06-18,HOSE:CII,19100.0,19600.0,19050.0,19300.0,4068700.0
2021-06-21,HOSE:CII,19500.0,19800.0,19350.0,19550.0,3522500.0
2021-06-22,HOSE:CII,19900.0,20700.0,19650.0,20150.0,5750600.0
2021-06-23,HOSE:CII,20200.0,20400.0,19600.0,19600.0,2842100.0
2021-06-24,HOSE:CII,19600.0,19700.0,19250.0,19300.0,1953400.0
2021-06-25,HOSE:CII,19250.0,19600.0,19050.0,19050.0,2279400.0
2021-06-28,HOSE:CII,19050.0,19500.0,18900.0,19200.0,4855730.0
2021-06-29,HOSE:CII,19400.0,19450.0,19100.0,19150.0,2313500.0
2021-06-30,HOSE:CII,19150.0,19350.0,19050.0,19100.0,1701400.0
2021-07-01,HOSE:CII,19100.0,19200.0,18900.0,19050.0,1974000.0
2021-07-02,HOSE:CII,19100.0,19500.0,18950.0,18950.0,2416500.0
2021-07-05,HOSE:CII,18950.0,18950.0,18350.0,18350.0,4254800.0
2021-07-06,HOSE:CII,18400.0,18550.0,18000.0,18000.0,2226300.0
2021-07-07,HOSE:CII,17700.0,18000.0,17300.0,17350.0,3550500.0
2021-07-08,HOSE:CII,16850.0,17700.0,16850.0,17700.0,2493200.0
2021-07-09,HOSE:CII,17500.0,17650.0,16800.0,17200.0,2488200.0
2021-07-12,HOSE:CII,17000.0,17000.0,16000.0,16000.0,3730900.0
2021-07-13,HOSE:CII,16000.0,16400.0,15500.0,16000.0,2593600.0
2021-07-14,HOSE:CII,16100.000000000002,16250.0,15500.0,15700.0,3102400.0
2021-07-15,HOSE:CII,15550.0,15900.0,15550.0,15750.0,1965700.0
2021-07-16,HOSE:CII,16000.0,16250.0,15900.0,16000.0,1865200.0
2021-07-19,HOSE:CII,15700.0,15800.0,15350.0,15600.0,2017100.0
2021-07-20,HOSE:CII,15600.0,16100.000000000002,15400.0,15850.0,1834500.0
2021-07-21,HOSE:CII,15950.0,16149.999999999998,15800.0,16000.0,1609800.0
2021-07-22,HOSE:CII,16050.0,16400.0,16050.0,16300.0,1191800.0
2021-07-23,HOSE:CII,16350.000000000002,16700.0,16200.0,16200.0,1554000.0
2021-07-26,HOSE:CII,16000.0,16250.0,15850.0,16200.0,1598600.0
2021-07-27,HOSE:CII,16200.0,16450.0,16100.000000000002,16200.0,1179500.0
2021-07-28,HOSE:CII,16200.0,16200.0,15850.0,16050.0,1353400.0
2021-07-29,HOSE:CII,16100.000000000002,16200.0,16000.0,16000.0,836400.0
2021-07-30,HOSE:CII,16100.000000000002,16350.000000000002,16050.0,16100.000000000002,1484600.0
2021-08-02,HOSE:CII,16100.000000000002,16500.0,16000.0,16250.0,2335900.0
2021-08-03,HOSE:CII,16250.0,16700.0,16250.0,16550.0,5363700.0
2021-08-04,HOSE:CII,16550.0,16850.0,16500.0,16550.0,1241800.0
2021-08-05,HOSE:CII,16500.0,16800.0,16450.0,16700.0,1268600.0
2021-08-06,HOSE:CII,16700.0,17500.0,16700.0,17150.0,2878200.0
2021-08-09,HOSE:CII,17150.0,17500.0,17050.0,17450.0,3799700.0
2021-08-10,HOSE:CII,17450.0,17600.0,17200.0,17200.0,3184100.0
2021-08-11,HOSE:CII,17350.0,17400.0,16950.0,17050.0,2475900.0
2021-08-12,HOSE:CII,17000.0,18200.0,16900.0,18200.0,5892600.0
2021-08-13,HOSE:CII,18600.0,18800.0,18000.0,18650.0,5240600.0
2021-08-16,HOSE:CII,18700.0,19000.0,18350.0,18500.0,3261000.0
2021-08-17,HOSE:CII,18200.0,18400.0,18000.0,18000.0,4653100.0
2021-08-18,HOSE:CII,18000.0,18450.0,18000.0,18100.0,3040400.0
2021-08-19,HOSE:CII,18100.0,18850.0,18100.0,18600.0,4788400.0
2021-08-20,HOSE:CII,18850.0,18900.0,17550.0,17700.0,5423700.0
2021-08-23,HOSE:CII,17700.0,18100.0,17400.0,17550.0,2788000.0
2021-08-24,HOSE:CII,17500.0,17700.0,16800.0,16950.0,2996500.0
2021-08-25,HOSE:CII,16700.0,17100.0,16600.0,16900.0,1854700.0
2021-08-26,HOSE:CII,17100.0,17500.0,16800.0,17000.0,1747700.0
2021-08-27,HOSE:CII,17000.0,17250.0,16800.0,17250.0,4282300.0
2021-08-30,HOSE:CII,17700.0,18400.0,17550.0,18250.0,3521870.0
2021-08-31,HOSE:CII,18350.0,18450.0,17700.0,17700.0,2647300.0
2021-09-01,HOSE:CII,17650.0,18250.0,17400.0,18200.0,3097500.0
2021-09-06,HOSE:CII,18300.0,19450.0,18300.0,19450.0,10251100.0
2021-09-07,HOSE:CII,19450.0,19650.0,18500.0,18500.0,5170400.0
2021-09-08,HOSE:CII,18500.0,19000.0,18200.0,18400.0,2909500.0
2021-09-09,HOSE:CII,18400.0,18900.0,18300.0,18850.0,2715400.0
2021-09-10,HOSE:CII,19050.0,19250.0,18550.0,18550.0,2457100.0
2021-09-13,HOSE:CII,18300.0,18500.0,17650.0,17700.0,6697200.0
2021-09-14,HOSE:CII,17700.0,18150.0,17450.0,17500.0,2477500.0
2021-09-15,HOSE:CII,17400.0,18150.0,17250.0,18000.0,2843500.0
2021-09-16,HOSE:CII,18000.0,18200.0,17850.0,17900.0,1550600.0
2021-09-17,HOSE:CII,18000.0,18100.0,17800.0,17900.0,3291470.0
2021-09-20,HOSE:CII,18000.0,18100.0,17550.0,17550.0,5762800.0
2021-09-21,HOSE:CII,17250.0,17550.0,17100.0,17350.0,2858600.0
2021-09-22,HOSE:CII,17400.0,17800.0,17300.0,17650.0,2829000.0
2021-09-23,HOSE:CII,18000.0,18000.0,17550.0,17550.0,1979100.0
2021-09-24,HOSE:CII,17600.0,17650.0,17400.0,17400.0,1682600.0
2021-09-27,HOSE:CII,17400.0,17550.0,17100.0,17100.0,3967000.0
2021-09-28,HOSE:CII,16950.0,17500.0,16950.0,17350.0,1827700.0
2021-09-29,HOSE:CII,17400.0,17950.0,17350.0,17600.0,2500300.0
2021-09-30,HOSE:CII,17550.0,18000.0,17550.0,17750.0,1852600.0
2021-10-01,HOSE:CII,17800.0,18800.0,17700.0,18500.0,8326794.0
2021-10-04,HOSE:CII,18750.0,19100.0,18600.0,18650.0,4492800.0
2021-10-05,HOSE:CII,18500.0,18750.0,18400.0,18400.0,3186700.0
2021-10-06,HOSE:CII,18450.0,19200.0,18300.0,19000.0,5435500.0
2021-10-07,HOSE:CII,19100.0,19400.0,18800.0,18800.0,3506900.0
2021-10-08,HOSE:CII,18850.0,19300.0,18850.0,18950.0,3784800.0
2021-10-11,HOSE:CII,19050.0,19300.0,18900.0,18950.0,3408500.0
2021-10-12,HOSE:CII,19000.0,19250.0,18850.0,18950.0,3650700.0
2021-10-13,HOSE:CII,19050.0,19250.0,18800.0,18850.0,2753300.0
2021-10-14,HOSE:CII,19100.0,20000.0,18950.0,19700.0,8535500.0
2021-10-15,HOSE:CII,19850.0,20200.0,19400.0,19550.0,5016500.0
2021-10-18,HOSE:CII,19500.0,19800.0,19100.0,19100.0,4772800.0
2021-10-19,HOSE:CII,19000.0,19300.0,18900.0,19100.0,3426000.0
2021-10-20,HOSE:CII,19100.0,19650.0,19000.0,19250.0,3443900.0
2021-10-21,HOSE:CII,19500.0,19500.0,19100.0,19300.0,2612300.0
2021-10-22,HOSE:CII,19300.0,20000.0,19300.0,19700.0,5940000.0
2021-10-25,HOSE:CII,20000.0,20700.0,19900.0,20550.0,7907800.0
2021-10-26,HOSE:CII,20600.0,21400.0,20200.0,21400.0,7261200.0
2021-10-27,HOSE:CII,21800.0,22500.0,21550.0,22200.0,10216200.0
2021-10-28,HOSE:CII,22400.0,22400.0,21950.0,22200.0,5463700.0
2021-10-29,HOSE:CII,22250.0,22850.0,22200.0,22450.0,4858300.0
2021-11-01,HOSE:CII,22350.0,23450.0,22100.0,22900.0,8635500.0
2021-11-02,HOSE:CII,22900.0,24250.0,22900.0,24050.0,8183500.0
2021-11-03,HOSE:CII,24150.0,24800.0,22500.0,22500.0,12830200.0
2021-11-04,HOSE:CII,22400.0,23400.0,22400.0,22900.0,5372800.0
2021-11-05,HOSE:CII,23300.0,23800.0,23150.0,23600.0,3885000.0
2021-11-08,HOSE:CII,23600.0,25200.0,23600.0,25000.0,13150100.0
2021-11-09,HOSE:CII,25400.0,25400.0,24350.0,24800.0,10746300.0
2021-11-10,HOSE:CII,24700.0,26150.0,24300.0,26000.0,11349400.0
2021-11-11,HOSE:CII,26450.0,27800.0,26350.0,27800.0,13050600.0
2021-11-12,HOSE:CII,28450.0,29700.0,27900.0,29600.0,12227200.0
2021-11-15,HOSE:CII,29400.0,31550.0,28700.0,30600.0,12683900.0
2021-11-16,HOSE:CII,29900.0,30600.0,28500.0,28550.0,14085400.0
2021-11-17,HOSE:CII,28600.0,29500.0,28500.0,29100.0,7371000.0
2021-11-18,HOSE:CII,29200.0,31100.0,29100.0,31100.0,11045200.0
2021-11-19,HOSE:CII,32000.0,32900.0,28950.0,29550.0,11227400.0
2021-11-22,HOSE:CII,29800.0,30200.0,27500.0,27500.0,11591500.0
2021-11-23,HOSE:CII,26100.0,28100.0,25600.0,27250.0,9076400.0
2021-11-24,HOSE:CII,28000.0,28000.0,26500.0,26850.0,7607600.0
2021-11-25,HOSE:CII,26850.0,28400.0,26600.0,28000.0,6038600.0
2021-11-26,HOSE:CII,28600.0,28900.0,27100.0,27650.0,8390500.0
2021-11-29,HOSE:CII,27000.0,29550.0,26500.0,29550.0,10248300.0
2021-11-30,HOSE:CII,30400.0,31200.0,29050.0,29700.0,8023000.0
2021-12-01,HOSE:CII,29700.0,30600.0,28800.0,28900.0,11672500.0
2021-12-02,HOSE:CII,28900.0,29800.0,28200.0,28650.0,8291200.0
2021-12-03,HOSE:CII,28800.0,29000.0,27000.0,27000.0,7645400.0
2021-12-06,HOSE:CII,26900.0,27500.0,25150.0,25200.0,9105900.0
2021-12-07,HOSE:CII,25600.0,26400.0,25000.0,26000.0,5283100.0
2021-12-08,HOSE:CII,26200.0,26800.0,25700.0,25700.0,4272200.0
2021-12-09,HOSE:CII,25800.0,26850.0,25400.0,26750.0,5315900.0
2021-12-10,HOSE:CII,26700.0,28200.0,26600.0,27950.0,6692800.0
2021-12-13,HOSE:CII,29900.0,29900.0,29900.0,29900.0,2365800.0
2021-12-14,HOSE:CII,31950.0,31950.0,31950.0,31950.0,3747300.0
2021-12-15,HOSE:CII,34150.0,34150.0,30500.0,31650.0,31014900.0
2021-12-16,HOSE:CII,32800.0,33850.0,32000.0,33850.0,14946700.0
2021-12-17,HOSE:CII,36000.0,36200.0,34600.0,36000.0,12137300.0
2021-12-20,HOSE:CII,38000.0,38500.0,37000.0,38500.0,19527400.0
2021-12-21,HOSE:CII,39000.0,41150.0,39000.0,41150.0,12016000.0
2021-12-22,HOSE:CII,42200.0,44000.0,41800.0,42000.0,14273600.0
2021-12-23,HOSE:CII,41000.0,42000.0,39100.0,39100.0,30528500.0
2021-12-24,HOSE:CII,40000.0,41000.0,37850.0,39000.0,10653700.0
2021-12-27,HOSE:CII,39800.0,41700.0,38000.0,41700.0,7020500.0
2021-12-28,HOSE:CII,43400.0,44600.0,43200.0,44600.0,14120100.0
2021-12-29,HOSE:CII,47000.0,47700.0,46100.0,47700.0,12149800.0
2021-12-30,HOSE:CII,48100.0,49900.0,46000.0,46400.0,10900500.0
2021-12-31,HOSE:CII,46900.0,48000.0,44150.0,46400.0,12805300.0
2022-01-04,HOSE:CII,48000.0,49600.0,47850.0,49600.0,15548000.0
2022-01-05,HOSE:CII,52000.0,53000.0,51500.0,53000.0,10243800.0
2022-01-06,HOSE:CII,54000.0,56700.0,52500.0,54200.0,14434200.0
2022-01-07,HOSE:CII,53700.0,57900.0,53000.0,57900.0,10439800.0
2022-01-10,HOSE:CII,56500.0,61600.0,53900.0,53900.0,17062300.0
2022-01-11,HOSE:CII,55000.0,57600.0,53300.0,56600.0,16317400.0
2022-01-12,HOSE:CII,52700.0,52700.0,52700.0,52700.0,977500.0
2022-01-13,HOSE:CII,49050.0,49050.0,49050.0,49050.0,268900.0
2022-01-14,HOSE:CII,45650.0,45650.0,45650.0,45650.0,701900.0
2022-01-17,HOSE:CII,42500.0,42500.0,42500.0,42500.0,1449800.0
2022-01-18,HOSE:CII,39550.0,39550.0,39550.0,39550.0,127700.0
2022-01-19,HOSE:CII,36800.0,36800.0,36800.0,36800.0,272100.0
2022-01-20,HOSE:CII,34250.0,38900.0,34250.0,34250.0,39854000.0
2022-01-21,HOSE:CII,36000.0,36600.0,35100.0,36600.0,8264500.0
2022-01-24,HOSE:CII,37500.0,37500.0,34050.0,34050.0,8466800.0
2022-01-25,HOSE:CII,31700.0,33000.0,31700.0,31700.0,18365400.0
2022-01-26,HOSE:CII,32600.0,32800.0,29500.0,29500.0,15912100.0
2022-01-27,HOSE:CII,27450.0,28500.0,27450.0,27450.0,10495500.0
2022-01-28,HOSE:CII,26950.0,28800.0,25650.0,28000.0,12220000.0
2022-02-07,HOSE:CII,28400.0,29950.0,28050.0,29300.0,7338500.0
2022-02-08,HOSE:CII,29000.0,29000.0,27250.0,27250.0,11735500.0
2022-02-09,HOSE:CII,25350.0,28250.0,25350.0,27600.0,16861500.0
2022-02-10,HOSE:CII,28000.0,29150.0,27600.0,28450.0,6959200.0
2022-02-11,HOSE:CII,27900.0,28250.0,26700.0,26850.0,8226300.0
2022-02-14,HOSE:CII,25950.0,27600.0,25650.0,26250.0,10249200.0
2022-02-15,HOSE:CII,26300.0,27600.0,26300.0,27300.0,7631600.0
2022-02-16,HOSE:CII,28100.0,29200.0,27500.0,29200.0,11451900.0
2022-02-17,HOSE:CII,29700.0,30950.0,29200.0,29200.0,14280100.0
2022-02-18,HOSE:CII,28600.0,31200.0,28600.0,31200.0,11369600.0
2022-02-21,HOSE:CII,32400.0,33350.0,32100.0,33350.0,14391300.0
2022-02-22,HOSE:CII,32450.000000000004,34500.0,31900.0,33700.0,24458800.0
2022-02-23,HOSE:CII,34000.0,35750.0,33100.0,35050.0,10747100.0
2022-02-24,HOSE:CII,34900.0,35500.0,32600.0,33500.0,13680700.0
2022-02-25,HOSE:CII,34500.0,34500.0,32800.0,32900.0,9656900.0
2022-02-28,HOSE:CII,32900.0,33750.0,32200.000000000004,32200.000000000004,8462200.0
2022-03-01,HOSE:CII,32000.0,33900.0,32000.0,33400.0,9218200.0
2022-03-02,HOSE:CII,33500.0,34000.0,32600.0,32900.0,7197200.0
2022-03-03,HOSE:CII,33000.0,33350.0,32250.0,32650.0,8485600.0
2022-03-04,HOSE:CII,32800.0,34300.0,32750.0,33500.0,10417100.0
2022-03-07,HOSE:CII,33500.0,34350.0,32900.0,33250.0,8824400.0
2022-03-08,HOSE:CII,32900.0,33150.0,31000.0,31100.0,12146900.0
2022-03-09,HOSE:CII,31500.0,31750.0,29450.0,30300.0,11479600.0
2022-03-10,HOSE:CII,31100.0,31500.0,30800.0,30850.0,5528700.0
2022-03-11,HOSE:CII,30800.0,30850.0,29550.0,29750.0,7587200.0
2022-03-14,HOSE:CII,29600.0,30150.0,28550.0,29000.0,7144300.0
2022-03-15,HOSE:CII,29250.0,30500.0,29250.0,30450.0,4809600.0
2022-03-16,HOSE:CII,31150.0,31500.0,30500.0,30700.0,4506300.0
2022-03-17,HOSE:CII,31100.0,31200.0,30550.0,30550.0,3874700.0
2022-03-18,HOSE:CII,30550.0,31500.0,30300.0,30850.0,5085000.0
2022-03-21,HOSE:CII,31000.0,32200.000000000004,31000.0,31950.0,11629600.0
2022-03-22,HOSE:CII,32500.0,34150.0,32400.0,34150.0,17722300.0
2022-03-23,HOSE:CII,34700.0,34950.0,33550.0,33700.0,10027800.0
2022-03-24,HOSE:CII,33650.0,34200.0,33400.0,33600.0,9539100.0
2022-03-25,HOSE:CII,33000.0,33950.0,32500.0,32850.0,13360300.0
2022-03-28,HOSE:CII,31000.0,32050.0,30600.0,30800.0,14815800.0
2022-03-29,HOSE:CII,31200.0,32800.0,30900.0,32300.0,7534740.0
2022-03-30,HOSE:CII,32000.0,32300.0,30050.0,30250.0,14175700.0
2022-03-31,HOSE:CII,31000.0,31100.0,30400.0,30600.0,6202500.0
2022-04-01,HOSE:CII,30500.0,32500.0,30100.0,32500.0,8112700.0
2022-04-04,HOSE:CII,32500.0,32500.0,31250.0,31550.0,7143600.0
2022-04-05,HOSE:CII,30800.0,32000.0,30800.0,31550.0,5531400.0
2022-04-06,HOSE:CII,31400.0,32950.0,31050.0,32000.0,9821300.0
2022-04-07,HOSE:CII,32400.0,32400.0,31200.0,31500.0,3814300.0
2022-04-08,HOSE:CII,31500.0,31850.0,30550.0,30600.0,3289900.0
2022-04-12,HOSE:CII,30600.0,30900.0,28500.0,28500.0,6946300.0
2022-04-13,HOSE:CII,28550.0,29000.0,26850.0,29000.0,7036100.0
2022-04-14,HOSE:CII,29000.0,29200.0,28100.0,29000.0,3006000.0
2022-04-15,HOSE:CII,28850.0,30300.0,28500.0,29600.0,5564200.0
2022-04-18,HOSE:CII,29300.0,29300.0,27550.0,28100.0,5100200.0
2022-04-19,HOSE:CII,28500.0,28650.0,26150.0,26150.0,6221700.0
2022-04-20,HOSE:CII,26050.0,26700.0,24350.0,24350.0,9632300.0
2022-04-21,HOSE:CII,22650.0,23100.0,22650.0,22650.0,11807300.0
2022-04-22,HOSE:CII,23900.0,23900.0,21100.0,23900.0,11220400.0
2022-04-25,HOSE:CII,23400.0,24000.0,22250.0,22250.0,3690000.0
2022-04-26,HOSE:CII,20700.0,23100.0,20700.0,23000.0,9989800.0
2022-04-27,HOSE:CII,22300.0,23150.0,21750.0,22900.0,4366700.0
2022-04-28,HOSE:CII,22950.0,23800.0,22750.0,23100.0,5128200.0
2022-04-29,HOSE:CII,23000.0,23900.0,22900.0,23600.0,4557200.0
2022-05-04,HOSE:CII,23350.0,23800.0,22500.0,22500.0,3643800.0
2022-05-05,HOSE:CII,22950.0,23000.0,21100.0,22000.0,3918800.0
2022-05-06,HOSE:CII,21250.0,21850.0,20600.0,20600.0,4644500.0
2022-05-09,HOSE:CII,20300.0,20400.0,19200.0,19200.0,4416300.0
2022-05-10,HOSE:CII,18000.0,19350.0,18000.0,19200.0,5951600.0
2022-05-11,HOSE:CII,19400.0,20500.0,19200.0,20500.0,4101300.0
2022-05-12,HOSE:CII,20650.0,21450.0,19200.0,19700.0,6018600.0
2022-05-13,HOSE:CII,20000.0,20150.0,18350.0,18400.0,8234900.0
2022-05-16,HOSE:CII,19350.0,19650.0,18500.0,18700.0,3816900.0
2022-05-17,HOSE:CII,18600.0,20000.0,18500.0,20000.0,4519600.0
2022-05-18,HOSE:CII,20300.0,20900.0,20000.0,20000.0,4271900.0
2022-05-19,HOSE:CII,19400.0,20200.0,19200.0,19450.0,4454900.0
2022-05-20,HOSE:CII,19550.0,20800.0,19550.0,20800.0,8172100.0
2022-05-23,HOSE:CII,21150.0,22250.0,20500.0,20800.0,9542800.0
2022-05-24,HOSE:CII,21000.0,21900.0,20450.0,21900.0,4605400.0
2022-05-25,HOSE:CII,22000.0,23000.0,21650.0,22650.0,7588400.0
2022-05-26,HOSE:CII,22600.0,22700.0,21950.0,21950.0,6669700.0
2022-05-27,HOSE:CII,22000.0,22550.0,21900.0,21950.0,5662100.0
2022-05-30,HOSE:CII,22200.0,22350.0,21550.0,21850.0,4202800.0
2022-05-31,HOSE:CII,21850.0,22900.0,21550.0,22200.0,5632800.0
2022-06-01,HOSE:CII,22300.0,22850.0,22150.0,22300.0,3949400.0
2022-06-02,HOSE:CII,22350.0,22600.0,21450.0,21600.0,4005500.0
2022-06-03,HOSE:CII,21500.0,21700.0,20500.0,21150.0,5116100.0
2022-06-06,HOSE:CII,21150.0,21300.0,19800.0,20000.0,6218000.0
2022-06-07,HOSE:CII,20000.0,20800.0,18900.0,20800.0,6547700.0
2022-06-08,HOSE:CII,20550.0,21600.0,20550.0,21300.0,4259400.0
2022-06-09,HOSE:CII,21300.0,21600.0,20800.0,20900.0,3401700.0
2022-06-10,HOSE:CII,20500.0,21150.0,20000.0,20000.0,3984200.0
2022-06-13,HOSE:CII,19200.0,19600.0,18600.0,18600.0,5725400.0
2022-06-14,HOSE:CII,18200.0,19000.0,18000.0,18400.0,3631600.0
2022-06-15,HOSE:CII,18400.0,18800.0,17150.0,17500.0,4992500.0
2022-06-16,HOSE:CII,17800.0,18100.0,17500.0,17850.0,2750200.0
2022-06-17,HOSE:CII,17500.0,17500.0,16650.0,16650.0,3728500.0
2022-06-20,HOSE:CII,16950.0,17250.0,15500.0,15500.0,3751300.0
2022-06-21,HOSE:CII,15200.0,15700.0,14450.0,14900.0,5332900.0
2022-06-22,HOSE:CII,15750.0,15900.0,15400.0,15900.0,3140900.0
2022-06-23,HOSE:CII,16300.0,16850.0,15950.0,16850.0,2987100.0
2022-06-24,HOSE:CII,16950.0,17650.0,16550.0,16850.0,4061600.0
2022-06-27,HOSE:CII,16900.0,17350.0,16600.0,17200.0,2962500.0
2022-06-28,HOSE:CII,17200.0,17900.0,17200.0,17300.0,3291000.0
2022-06-29,HOSE:CII,17100.0,17500.0,16800.0,16900.0,2651500.0
2022-06-30,HOSE:CII,17000.0,17100.0,15850.0,15850.0,3638100.0
2022-07-01,HOSE:CII,15700.0,16450.0,15250.0,16250.0,3541300.0
2022-07-04,HOSE:CII,16600.0,16850.0,16350.000000000002,16350.000000000002,2358500.0
2022-07-05,HOSE:CII,16500.0,16850.0,16300.0,16600.0,2791800.0
2022-07-06,HOSE:CII,16250.0,17150.0,16000.0,16500.0,3062800.0
2022-07-07,HOSE:CII,16750.0,17000.0,16500.0,16950.0,2126300.0
2022-07-08,HOSE:CII,17400.0,18100.0,17250.0,18100.0,6121100.0
2022-07-11,HOSE:CII,18500.0,18950.0,18100.0,18250.0,6308400.0
2022-07-12,HOSE:CII,18250.0,19200.0,18200.0,19050.0,3650600.0
2022-07-13,HOSE:CII,18950.0,19250.0,18500.0,18550.0,5078500.0
2022-07-14,HOSE:CII,18300.0,19450.0,18300.0,19150.0,4486200.0
2022-07-15,HOSE:CII,19300.0,20200.0,19100.0,19500.0,7004300.0
2022-07-18,HOSE:CII,19850.0,20350.0,19500.0,19600.0,4110400.0
2022-07-19,HOSE:CII,19300.0,19700.0,18850.0,19150.0,6161040.0
2022-07-20,HOSE:CII,19500.0,20200.0,19500.0,19600.0,4776700.0
2022-07-21,HOSE:CII,19500.0,20000.0,19450.0,19450.0,3081200.0
2022-07-22,HOSE:CII,19450.0,19850.0,19350.0,19400.0,3025300.0
2022-07-25,HOSE:CII,19350.0,19400.0,18950.0,19100.0,2669500.0
2022-07-26,HOSE:CII,19200.0,19350.0,18950.0,19100.0,3226900.0
2022-07-27,HOSE:CII,19050.0,19750.0,18800.0,19750.0,5764900.0
2022-07-28,HOSE:CII,20100.0,20650.0,20000.0,20150.0,7274500.0
2022-07-29,HOSE:CII,20200.0,20550.0,19900.0,20000.0,3637900.0
2022-08-01,HOSE:CII,20050.0,20900.0,20050.0,20800.0,6310100.0
2022-08-02,HOSE:CII,20900.0,21100.0,20500.0,20550.0,6764700.0
2022-08-03,HOSE:CII,20500.0,21250.0,20250.0,21100.0,7125600.0
2022-08-04,HOSE:CII,21250.0,21450.0,20750.0,20800.0,7577000.0
2022-08-05,HOSE:CII,20800.0,21450.0,20750.0,21300.0,7133400.0
2022-08-08,HOSE:CII,21300.0,21600.0,21150.0,21250.0,6346500.0
2022-08-09,HOSE:CII,21500.0,21500.0,20950.0,21100.0,4683500.0
2022-08-10,HOSE:CII,21100.0,22550.0,21000.0,22550.0,7985800.0
2022-08-11,HOSE:CII,24100.0,24100.0,22650.0,23050.0,16522600.0
2022-08-12,HOSE:CII,23050.0,23900.0,23050.0,23500.0,6986300.0
2022-08-15,HOSE:CII,23500.0,24300.0,23350.0,23700.0,7282300.0
2022-08-16,HOSE:CII,23650.0,25350.0,23550.0,25350.0,12329200.0
2022-08-17,HOSE:CII,25800.0,26800.0,24400.0,25000.0,16483700.0
2022-08-18,HOSE:CII,24850.0,25200.0,24350.0,24500.0,6258000.0
2022-08-19,HOSE:CII,24700.0,25450.0,24450.0,24900.0,7583400.0
2022-08-22,HOSE:CII,25050.0,25500.0,24450.0,24600.0,7668600.0
2022-08-23,HOSE:CII,24500.0,24850.0,24050.0,24850.0,7339800.0
2022-08-24,HOSE:CII,25000.0,25350.0,24800.0,25200.0,8083000.0
2022-08-25,HOSE:CII,25300.0,25400.0,25000.0,25000.0,6760800.0
2022-08-26,HOSE:CII,25050.0,25450.0,24200.0,24300.0,7886500.0
2022-08-29,HOSE:CII,23700.0,23900.0,22600.0,23500.0,11493300.0
2022-08-30,HOSE:CII,23600.0,23900.0,22800.0,22800.0,5536700.0
2022-08-31,HOSE:CII,22800.0,23800.0,22700.0,23800.0,6001900.0
2022-09-05,HOSE:CII,23950.0,24450.0,23700.0,23750.0,3678700.0
2022-09-06,HOSE:CII,23950.0,24250.0,23600.0,23700.0,3710400.0
2022-09-07,HOSE:CII,23600.0,23650.0,22050.0,22050.0,6948200.0
2022-09-08,HOSE:CII,22350.0,22550.0,21050.0,21450.0,6379000.0
2022-09-09,HOSE:CII,21500.0,22900.0,20900.0,22650.0,8518901.0
2022-09-12,HOSE:CII,22800.0,22950.0,22050.0,22050.0,3390600.0
2022-09-13,HOSE:CII,22000.0,22200.0,21550.0,22100.0,4481900.0
2022-09-14,HOSE:CII,21500.0,22800.0,21400.0,22550.0,6936000.0
2022-09-15,HOSE:CII,22900.0,23500.0,22500.0,23150.0,6086000.0
2022-09-16,HOSE:CII,23000.0,23500.0,22150.0,22200.0,6658800.0
2022-09-19,HOSE:CII,22200.0,22450.0,20650.0,20650.0,8124200.0
2022-09-20,HOSE:CII,21000.0,21300.0,20550.0,21200.0,4675100.0
2022-09-21,HOSE:CII,21350.0,21950.0,21100.0,21500.0,5547500.0
2022-09-22,HOSE:CII,21500.0,22350.0,21500.0,22100.0,6958600.0
2022-09-23,HOSE:CII,22100.0,22650.0,21600.0,21700.0,6247900.0
2022-09-26,HOSE:CII,21000.0,21400.0,20200.0,20300.0,12181300.0
2022-09-27,HOSE:CII,20350.0,20600.0,19500.0,19500.0,4569700.0
2022-09-28,HOSE:CII,19350.0,20300.0,19350.0,19900.0,6526600.0
2022-09-29,HOSE:CII,20450.0,20650.0,19550.0,19600.0,5472800.0
2022-09-30,HOSE:CII,19250.0,19600.0,18250.0,19350.0,6477800.0
2022-10-03,HOSE:CII,19050.0,19250.0,18000.0,18000.0,3893800.0
2022-10-04,HOSE:CII,18500.0,18500.0,17100.0,17200.0,6231000.0
2022-10-05,HOSE:CII,17800.0,18400.0,17650.0,18400.0,4618400.0
2022-10-06,HOSE:CII,18750.0,19200.0,18000.0,18450.0,11660500.0
2022-10-07,HOSE:CII,17950.0,18300.0,17200.0,18000.0,5305300.0
2022-10-10,HOSE:CII,17450.0,18150.0,17250.0,18150.0,4313600.0
2022-10-11,HOSE:CII,18100.0,18100.0,16900.0,16900.0,5862300.0
2022-10-12,HOSE:CII,16600.0,17750.0,16500.0,17250.0,3586900.0
2022-10-13,HOSE:CII,17200.0,17850.0,16650.0,16900.0,4134100.0
2022-10-14,HOSE:CII,17300.0,17650.0,17150.0,17400.0,3177800.0
2022-10-17,HOSE:CII,17350.0,17350.0,16800.0,17100.0,2129100.0
2022-10-18,HOSE:CII,17500.0,18250.0,17350.0,18250.0,4763300.0
2022-10-19,HOSE:CII,18550.0,18800.0,17800.0,18100.0,3592900.0
2022-10-20,HOSE:CII,17850.0,18100.0,17400.0,17600.0,3138800.0
2022-10-21,HOSE:CII,17600.0,17650.0,16400.0,16400.0,6325700.0
2022-10-24,HOSE:CII,16300.0,16600.0,15300.0,15300.0,5551100.0
2022-10-25,HOSE:CII,15300.0,16000.0,14250.0,15300.0,6927000.0
2022-10-26,HOSE:CII,15400.0,15700.0,14600.0,15000.0,3282600.0
2022-10-27,HOSE:CII,15200.0,16000.0,15000.0,15800.0,3730800.0
2022-10-28,HOSE:CII,16000.0,16450.0,15500.0,15600.0,3189700.0
2022-10-31,HOSE:CII,15600.0,15800.0,14650.0,15200.0,3299300.0
2022-11-01,HOSE:CII,15550.0,16000.0,15400.0,15800.0,3057600.0
2022-11-02,HOSE:CII,15950.0,16350.000000000002,15800.0,15950.0,3201000.0
2022-11-03,HOSE:CII,15800.0,16750.0,15650.0,16250.0,3981200.0
2022-11-04,HOSE:CII,16350.000000000002,16350.000000000002,15150.0,15150.0,5309900.0
2022-11-07,HOSE:CII,14800.0,15200.0,14100.0,14100.0,4088400.0
2022-11-08,HOSE:CII,13150.0,14500.0,13150.0,14500.0,7885000.0
2022-11-09,HOSE:CII,14500.0,15000.0,14000.0,14250.0,2813800.0
2022-11-10,HOSE:CII,13950.0,14050.0,13300.0,13300.0,3572500.0
2022-11-11,HOSE:CII,13500.0,13650.0,12400.0,12400.0,8240300.0
2022-11-14,HOSE:CII,11700.0,11950.0,11550.0,11550.0,5012300.0
2022-11-15,HOSE:CII,10750.0,10800.0,10750.0,10750.0,4142600.0
2022-11-16,HOSE:CII,10000.0,11500.0,10000.0,11500.0,8141600.0
2022-11-17,HOSE:CII,11750.0,12100.0,11300.0,11300.0,3665000.0
2022-11-18,HOSE:CII,11000.0,12050.0,10900.0,12050.0,5251900.0
2022-11-21,HOSE:CII,12500.0,12850.0,12050.0,12850.0,4830700.0
2022-11-22,HOSE:CII,12950.0,13700.0,12600.0,12800.0,9443600.0
2022-11-23,HOSE:CII,12600.0,13000.0,11950.0,11950.0,3999000.0
2022-11-24,HOSE:CII,11500.0,12200.0,11400.0,11950.0,2992600.0
2022-11-25,HOSE:CII,12300.0,12750.0,12100.0,12750.0,4376400.0
2022-11-28,HOSE:CII,13150.0,13600.0,13150.0,13600.0,7652400.0
2022-11-29,HOSE:CII,14000.0,14350.0,13100.0,14200.0,7267900.0
2022-11-30,HOSE:CII,14550.0,14650.0,13800.0,14350.0,5581100.0
2022-12-01,HOSE:CII,14650.0,15350.0,14500.0,14500.0,12307900.0
2022-12-02,HOSE:CII,14300.0,15500.0,13800.0,15500.0,7818800.0
2022-12-05,HOSE:CII,16000.0,16000.0,15100.0,15250.0,10099000.0
2022-12-06,HOSE:CII,14950.0,15200.0,14200.0,14200.0,9148300.0
2022-12-07,HOSE:CII,13800.0,14150.0,13250.0,13250.0,8342400.0
2022-12-08,HOSE:CII,13550.0,14150.0,13500.0,13900.0,5209200.0
2022-12-09,HOSE:CII,14000.0,14700.0,13550.0,14300.0,5667200.0
2022-12-12,HOSE:CII,14500.0,15000.0,13500.0,13800.0,8601900.0
2022-12-13,HOSE:CII,13800.0,14400.0,13650.0,14400.0,4476100.0
2022-12-14,HOSE:CII,14800.0,14900.0,14400.0,14450.0,5408000.0
2022-12-15,HOSE:CII,14650.0,14800.0,14400.0,14600.0,3818300.0
2022-12-16,HOSE:CII,14250.0,15400.0,14250.0,15000.0,7377600.0
2022-12-19,HOSE:CII,15000.0,15500.0,14400.0,14400.0,9196800.0
2022-12-20,HOSE:CII,14400.0,14500.0,13400.0,13400.0,10165700.0
2022-12-21,HOSE:CII,13800.0,13800.0,12500.0,12800.0,5817200.0
2022-12-22,HOSE:CII,13300.0,13300.0,12600.0,13300.0,6601600.0
2022-12-23,HOSE:CII,13300.0,13400.0,12950.0,13000.0,2876400.0
2022-12-26,HOSE:CII,13100.0,13250.0,12200.0,12200.0,4208500.0
2022-12-27,HOSE:CII,12550.0,12900.0,12250.0,12850.0,3156600.0
2022-12-28,HOSE:CII,13100.0,13300.0,12700.0,13000.0,2234000.0
2022-12-29,HOSE:CII,12850.0,13300.0,12800.0,13000.0,2330300.0
2022-12-30,HOSE:CII,13050.0,13100.0,12900.0,12900.0,1486900.0
2023-01-03,HOSE:CII,12950.0,13800.0,12950.0,13800.0,4711700.0
2023-01-04,HOSE:CII,14150.0,14350.0,13750.0,13850.0,3853800.0
2023-01-05,HOSE:CII,13900.0,14000.0,13550.0,13900.0,2689300.0
2023-01-06,HOSE:CII,13900.0,14100.0,13450.0,13450.0,4854800.0
2023-01-09,HOSE:CII,13600.0,13950.0,13550.0,13650.0,2215300.0
2023-01-10,HOSE:CII,13850.0,14250.0,13350.0,14000.0,3668600.0
2023-01-11,HOSE:CII,14200.0,14350.0,13900.0,14000.0,3309400.0
2023-01-12,HOSE:CII,14100.0,14100.0,13700.0,13800.0,1964900.0
2023-01-13,HOSE:CII,14000.0,14200.0,13700.0,13700.0,3054900.0
2023-01-16,HOSE:CII,13800.0,13950.0,13600.0,13900.0,1779500.0
2023-01-17,HOSE:CII,13900.0,14800.0,13900.0,14600.0,5623900.0
2023-01-18,HOSE:CII,14800.0,15000.0,14550.0,14800.0,3991400.0
2023-01-19,HOSE:CII,14650.0,14850.0,14500.0,14650.0,3412800.0
2023-01-27,HOSE:CII,14850.0,15200.0,14600.0,14800.0,4422700.0
2023-01-30,HOSE:CII,14900.0,15650.0,14650.0,15250.0,6584500.0
2023-01-31,HOSE:CII,15250.0,15350.0,14850.0,15350.0,3902500.0
2023-02-01,HOSE:CII,15400.0,15500.0,14300.0,14300.0,7425300.0
2023-02-02,HOSE:CII,14300.0,14500.0,13400.0,13850.0,5407700.0
2023-02-03,HOSE:CII,14100.0,14400.0,13850.0,13950.0,2461400.0
2023-02-06,HOSE:CII,13950.0,14200.0,13750.0,13900.0,1408000.0
2023-02-07,HOSE:CII,14050.0,14100.0,13450.0,13500.0,2434000.0
2023-02-08,HOSE:CII,13750.0,13950.0,13350.0,13850.0,2758900.0
